[
{
  "model": "users.user",
  "pk": 1,
  "fields": {
    "password": "pbkdf2_sha256$1200000$V9p3sbRwnrlgRAgwZ7z8fu$BieZ3RV6O15OEo/kcmsquUC97nsDubP3znzICs0+8aY=",
    "last_login": "2026-05-18T12:58:32.181",
    "is_superuser": true,
    "username": "admin",
    "first_name": "",
    "last_name": "",
    "email": "admin@example.com",
    "is_staff": true,
    "is_active": true,
    "date_joined": "2026-05-16T20:13:09.169",
    "role": "client",
    "max_hours": 45,
    "phone": null,
    "groups": [],
    "user_permissions": []
  }
},
{
  "model": "users.user",
  "pk": 2,
  "fields": {
    "password": "pbkdf2_sha256$1200000$ycPalIz14yH7CelyuS74bW$sTpHrhKdmatNuy6AzpgpmHz4KZ1nUrndHHYdPZE5bXM=",
    "last_login": "2026-05-19T23:01:57.910",
    "is_superuser": false,
    "username": "Иванов Иван Иванович",
    "first_name": "",
    "last_name": "",
    "email": "",
    "is_staff": false,
    "is_active": true,
    "date_joined": "2026-05-16T20:21:13.005",
    "role": "client",
    "max_hours": 45,
    "phone": null,
    "groups": [],
    "user_permissions": []
  }
},
{
  "model": "users.user",
  "pk": 3,
  "fields": {
    "password": "pbkdf2_sha256$1200000$si7ajy0LbJTynea3PyDDYg$lFowj70m0x/8ecjlQ6OUVoRHWhU4K65QLyleInSQcEM=",
    "last_login": "2026-05-18T12:41:40.349",
    "is_superuser": false,
    "username": "Петрова Анна Сергеевна",
    "first_name": "",
    "last_name": "",
    "email": "",
    "is_staff": false,
    "is_active": true,
    "date_joined": "2026-05-16T20:21:14.317",
    "role": "marketer",
    "max_hours": 45,
    "phone": null,
    "groups": [],
    "user_permissions": []
  }
},
{
  "model": "users.user",
  "pk": 4,
  "fields": {
    "password": "pbkdf2_sha256$1200000$BMi8nCXLdW9METLgvsJWXC$sD45HhltOpuWPngFJqK8K+F0sRMWt8iTivty31wNHwY=",
    "last_login": "2026-05-20T02:09:58.832",
    "is_superuser": false,
    "username": "Сидорова Екатерина Павловна",
    "first_name": "",
    "last_name": "",
    "email": "",
    "is_staff": false,
    "is_active": true,
    "date_joined": "2026-05-16T20:21:16.703",
    "role": "smm",
    "max_hours": 45,
    "phone": null,
    "groups": [],
    "user_permissions": []
  }
},
{
  "model": "users.user",
  "pk": 5,
  "fields": {
    "password": "pbkdf2_sha256$1200000$HbIL9JjDRXmUuhz46T4EXj$c2CI4OzeSRNstXAbX1WDEWCE253phnnyLKqiwYVn240=",
    "last_login": "2026-05-19T19:01:39.540",
    "is_superuser": false,
    "username": "Смирнов Алексей Владимирович",
    "first_name": "",
    "last_name": "",
    "email": "",
    "is_staff": false,
    "is_active": true,
    "date_joined": "2026-05-16T20:21:19.654",
    "role": "manager",
    "max_hours": 45,
    "phone": null,
    "groups": [],
    "user_permissions": []
  }
},
{
  "model": "users.user",
  "pk": 6,
  "fields": {
    "password": "pbkdf2_sha256$1200000$mGhAHl0gSkN3gYIVDsvNRN$gnKKaUsDhFFNd7fZ5Sq8Jw+okiHT/YRefnwIimutatU=",
    "last_login": null,
    "is_superuser": false,
    "username": "Кузнецов Дмитрий Алексеевич",
    "first_name": "",
    "last_name": "",
    "email": "",
    "is_staff": false,
    "is_active": true,
    "date_joined": "2026-05-16T20:21:20.924",
    "role": "programmer",
    "max_hours": 45,
    "phone": null,
    "groups": [],
    "user_permissions": []
  }
},
{
  "model": "users.user",
  "pk": 7,
  "fields": {
    "password": "pbkdf2_sha256$1200000$h1w4TxzynYQXWPijRUB6lG$QHaE1+VH6es5GxaXSmbQGGcOhecb9PaHTAV2E5HKXMY=",
    "last_login": null,
    "is_superuser": false,
    "username": "Козлов Дмитрий Игоревич",
    "first_name": "",
    "last_name": "",
    "email": "",
    "is_staff": false,
    "is_active": true,
    "date_joined": "2026-05-16T20:21:23.453",
    "role": "client",
    "max_hours": 45,
    "phone": null,
    "groups": [],
    "user_permissions": []
  }
},
{
  "model": "users.user",
  "pk": 8,
  "fields": {
    "password": "pbkdf2_sha256$1200000$mw4c45SuhnI5ekufh0Va0e$oqCeMEUR2fyimIxutOeufCOVAbsAbawbj3gjLNXTekM=",
    "last_login": null,
    "is_superuser": false,
    "username": "Морозова Елена Викторовна",
    "first_name": "",
    "last_name": "",
    "email": "",
    "is_staff": false,
    "is_active": true,
    "date_joined": "2026-05-16T20:21:25.222",
    "role": "marketer",
    "max_hours": 45,
    "phone": null,
    "groups": [],
    "user_permissions": []
  }
},
{
  "model": "users.user",
  "pk": 9,
  "fields": {
    "password": "pbkdf2_sha256$1200000$FSDpjNSkxxaHJM2yJgYtX9$+iYj1sUr4Vp3YRTFVLmntkakRdkiUfcddq29Q85CPUg=",
    "last_login": null,
    "is_superuser": false,
    "username": "Волкова Анастасия Романовна",
    "first_name": "",
    "last_name": "",
    "email": "",
    "is_staff": false,
    "is_active": true,
    "date_joined": "2026-05-16T20:21:27.285",
    "role": "smm",
    "max_hours": 45,
    "phone": null,
    "groups": [],
    "user_permissions": []
  }
},
{
  "model": "users.user",
  "pk": 10,
  "fields": {
    "password": "pbkdf2_sha256$1200000$jjYh9ACShxlwo96fhrsZIU$IvEhfpimpe0caZw8p7MYoFPCGsugkvhb6ebYEtiZ7pA=",
    "last_login": null,
    "is_superuser": false,
    "username": "Новиков Павел Андреевич",
    "first_name": "",
    "last_name": "",
    "email": "",
    "is_staff": false,
    "is_active": true,
    "date_joined": "2026-05-16T20:21:28.453",
    "role": "manager",
    "max_hours": 45,
    "phone": null,
    "groups": [],
    "user_permissions": []
  }
},
{
  "model": "users.user",
  "pk": 11,
  "fields": {
    "password": "pbkdf2_sha256$1200000$3QcPGMYWU0v1jAY1IriZy9$S7tuyrh5G/mJZ2zi5JOLnv5jIIN1fa8DBr19is7RKuQ=",
    "last_login": null,
    "is_superuser": false,
    "username": "Соколов Илья Денисович",
    "first_name": "",
    "last_name": "",
    "email": "",
    "is_staff": false,
    "is_active": true,
    "date_joined": "2026-05-16T20:21:30.168",
    "role": "programmer",
    "max_hours": 45,
    "phone": null,
    "groups": [],
    "user_permissions": []
  }
},
{
  "model": "services.servicepackage",
  "pk": 27,
  "fields": {
    "name": "Продвижение ВКонтакте",
    "description": "Пакет Продвижение ВКонтакте",
    "icon": "📦",
    "min_services": 1,
    "max_services": 6,
    "is_active": true,
    "sort_order": 0,
    "available_services": [
      34,
      35,
      36,
      37,
      38,
      101
    ]
  }
},
{
  "model": "services.servicepackage",
  "pk": 28,
  "fields": {
    "name": "Одноклассники (OK)",
    "description": "Пакет Одноклассники (OK)",
    "icon": "📦",
    "min_services": 1,
    "max_services": 6,
    "is_active": true,
    "sort_order": 0,
    "available_services": [
      40,
      41,
      42,
      43,
      44,
      45
    ]
  }
},
{
  "model": "services.servicepackage",
  "pk": 29,
  "fields": {
    "name": "Email-маркетинг",
    "description": "Пакет Email-маркетинг",
    "icon": "📦",
    "min_services": 1,
    "max_services": 6,
    "is_active": true,
    "sort_order": 0,
    "available_services": [
      46,
      47,
      48,
      49,
      50,
      51
    ]
  }
},
{
  "model": "services.servicepackage",
  "pk": 30,
  "fields": {
    "name": "Сайт‑визитка",
    "description": "Пакет Сайт‑визитка",
    "icon": "📦",
    "min_services": 1,
    "max_services": 6,
    "is_active": true,
    "sort_order": 0,
    "available_services": [
      52,
      53,
      54,
      55,
      56,
      57
    ]
  }
},
{
  "model": "services.servicepackage",
  "pk": 31,
  "fields": {
    "name": "Яндекс.Директ",
    "description": "Пакет Яндекс.Директ",
    "icon": "📦",
    "min_services": 1,
    "max_services": 6,
    "is_active": true,
    "sort_order": 0,
    "available_services": [
      58,
      59,
      60,
      61,
      62,
      63
    ]
  }
},
{
  "model": "services.servicepackage",
  "pk": 32,
  "fields": {
    "name": "Видеомаркетинг",
    "description": "Пакет Видеомаркетинг",
    "icon": "📦",
    "min_services": 1,
    "max_services": 6,
    "is_active": true,
    "sort_order": 0,
    "available_services": [
      64,
      65,
      66,
      67,
      68,
      69
    ]
  }
},
{
  "model": "services.servicepackage",
  "pk": 33,
  "fields": {
    "name": "Интернет‑магазин",
    "description": "Пакет Интернет‑магазин",
    "icon": "📦",
    "min_services": 1,
    "max_services": 6,
    "is_active": true,
    "sort_order": 0,
    "available_services": [
      70,
      71,
      72,
      73,
      74,
      75
    ]
  }
},
{
  "model": "services.servicepackage",
  "pk": 34,
  "fields": {
    "name": "SEO-оптимизация",
    "description": "Пакет SEO-оптимизация",
    "icon": "📦",
    "min_services": 1,
    "max_services": 6,
    "is_active": true,
    "sort_order": 0,
    "available_services": [
      76,
      77,
      78,
      79,
      80,
      81
    ]
  }
},
{
  "model": "services.servicepackage",
  "pk": 35,
  "fields": {
    "name": "Глубокая аналитика",
    "description": "Пакет Глубокая аналитика",
    "icon": "📦",
    "min_services": 1,
    "max_services": 6,
    "is_active": true,
    "sort_order": 0,
    "available_services": [
      92,
      93,
      94,
      95,
      96,
      97
    ]
  }
},
{
  "model": "services.servicepackage",
  "pk": 36,
  "fields": {
    "name": "Дизайн и брендинг",
    "description": "Пакет Дизайн и брендинг",
    "icon": "📦",
    "min_services": 1,
    "max_services": 6,
    "is_active": true,
    "sort_order": 0,
    "available_services": [
      86,
      87,
      88,
      89,
      90,
      91
    ]
  }
},
{
  "model": "services.servicepackage",
  "pk": 37,
  "fields": {
    "name": "Чат-боты и мессенджеры",
    "description": "Пакет Чат-боты и мессенджеры",
    "icon": "📦",
    "min_services": 1,
    "max_services": 6,
    "is_active": true,
    "sort_order": 0,
    "available_services": [
      85,
      98,
      99,
      100,
      102,
      103
    ]
  }
},
{
  "model": "services.servicepackage",
  "pk": 39,
  "fields": {
    "name": "Конструктор услуг",
    "description": "Выберите любые услуги из всех пакетов + добавьте комментарий",
    "icon": "🛠️",
    "min_services": 1,
    "max_services": 10,
    "is_active": true,
    "sort_order": 0,
    "available_services": [
      34,
      35,
      36,
      37,
      38,
      39,
      40,
      41,
      42,
      43,
      44,
      45,
      46,
      47,
      48,
      49,
      50,
      51,
      52,
      53,
      54,
      55,
      56,
      57,
      58,
      59,
      60,
      61,
      62,
      63,
      64,
      65,
      66,
      67,
      68,
      69,
      70,
      71,
      72,
      73,
      74,
      75,
      76,
      77,
      78,
      79,
      80,
      81,
      85,
      86,
      87,
      88,
      89,
      90,
      91,
      92,
      93,
      94,
      95,
      96,
      97,
      98,
      99,
      100,
      101,
      102,
      103
    ]
  }
},
{
  "model": "services.service",
  "pk": 34,
  "fields": {
    "name": "Таргет ВКонтакте",
    "description": "",
    "price": "8000.00",
    "programmer_hours": "0.0",
    "marketer_hours": "0.0",
    "smm_hours": "5.0"
  }
},
{
  "model": "services.service",
  "pk": 35,
  "fields": {
    "name": "Контент-план (1 месяц)",
    "description": "",
    "price": "7000.00",
    "programmer_hours": "0.0",
    "marketer_hours": "4.0",
    "smm_hours": "0.0"
  }
},
{
  "model": "services.service",
  "pk": 36,
  "fields": {
    "name": "Дизайн постов (4 шт)",
    "description": "",
    "price": "9000.00",
    "programmer_hours": "0.0",
    "marketer_hours": "0.0",
    "smm_hours": "6.0"
  }
},
{
  "model": "services.service",
  "pk": 37,
  "fields": {
    "name": "Написание постов (4 шт)",
    "description": "",
    "price": "7000.00",
    "programmer_hours": "0.0",
    "marketer_hours": "4.0",
    "smm_hours": "0.0"
  }
},
{
  "model": "services.service",
  "pk": 38,
  "fields": {
    "name": "Целевая страница ВК",
    "description": "",
    "price": "10000.00",
    "programmer_hours": "0.0",
    "marketer_hours": "0.0",
    "smm_hours": "0.0"
  }
},
{
  "model": "services.service",
  "pk": 39,
  "fields": {
    "name": "Анализ конкурентов SMM",
    "description": "",
    "price": "12000.00",
    "programmer_hours": "0.0",
    "marketer_hours": "0.0",
    "smm_hours": "0.0"
  }
},
{
  "model": "services.service",
  "pk": 40,
  "fields": {
    "name": "Таргет OK (до 18+)",
    "description": "",
    "price": "7500.00",
    "programmer_hours": "0.0",
    "marketer_hours": "0.0",
    "smm_hours": "0.0"
  }
},
{
  "model": "services.service",
  "pk": 41,
  "fields": {
    "name": "Создание группы OK с нуля",
    "description": "",
    "price": "6000.00",
    "programmer_hours": "0.0",
    "marketer_hours": "0.0",
    "smm_hours": "0.0"
  }
},
{
  "model": "services.service",
  "pk": 42,
  "fields": {
    "name": "Парсинг участников групп",
    "description": "",
    "price": "6500.00",
    "programmer_hours": "0.0",
    "marketer_hours": "0.0",
    "smm_hours": "0.0"
  }
},
{
  "model": "services.service",
  "pk": 43,
  "fields": {
    "name": "Видеопост в OK",
    "description": "",
    "price": "8000.00",
    "programmer_hours": "0.0",
    "marketer_hours": "0.0",
    "smm_hours": "0.0"
  }
},
{
  "model": "services.service",
  "pk": 44,
  "fields": {
    "name": "Оформление виджетов OK",
    "description": "",
    "price": "5500.00",
    "programmer_hours": "0.0",
    "marketer_hours": "0.0",
    "smm_hours": "0.0"
  }
},
{
  "model": "services.service",
  "pk": 45,
  "fields": {
    "name": "Конкурсы и розыгрыши OK",
    "description": "",
    "price": "7000.00",
    "programmer_hours": "0.0",
    "marketer_hours": "0.0",
    "smm_hours": "0.0"
  }
},
{
  "model": "services.service",
  "pk": 46,
  "fields": {
    "name": "Настройка автоворонки",
    "description": "",
    "price": "15000.00",
    "programmer_hours": "3.0",
    "marketer_hours": "5.0",
    "smm_hours": "0.0"
  }
},
{
  "model": "services.service",
  "pk": 47,
  "fields": {
    "name": "A/B тест тем писем",
    "description": "",
    "price": "6000.00",
    "programmer_hours": "0.0",
    "marketer_hours": "0.0",
    "smm_hours": "0.0"
  }
},
{
  "model": "services.service",
  "pk": 48,
  "fields": {
    "name": "Тепловая карта переходов",
    "description": "",
    "price": "5500.00",
    "programmer_hours": "0.0",
    "marketer_hours": "0.0",
    "smm_hours": "0.0"
  }
},
{
  "model": "services.service",
  "pk": 49,
  "fields": {
    "name": "Персонализация писем",
    "description": "",
    "price": "6500.00",
    "programmer_hours": "0.0",
    "marketer_hours": "0.0",
    "smm_hours": "0.0"
  }
},
{
  "model": "services.service",
  "pk": 50,
  "fields": {
    "name": "Восстановление брошенных корзин",
    "description": "",
    "price": "7000.00",
    "programmer_hours": "0.0",
    "marketer_hours": "0.0",
    "smm_hours": "0.0"
  }
},
{
  "model": "services.service",
  "pk": 51,
  "fields": {
    "name": "Регистрация домена для писем",
    "description": "",
    "price": "5000.00",
    "programmer_hours": "0.0",
    "marketer_hours": "0.0",
    "smm_hours": "0.0"
  }
},
{
  "model": "services.service",
  "pk": 52,
  "fields": {
    "name": "Верстка на Webflow",
    "description": "",
    "price": "20000.00",
    "programmer_hours": "10.0",
    "marketer_hours": "0.0",
    "smm_hours": "0.0"
  }
},
{
  "model": "services.service",
  "pk": 53,
  "fields": {
    "name": "SSL-сертификат",
    "description": "",
    "price": "5000.00",
    "programmer_hours": "0.0",
    "marketer_hours": "0.0",
    "smm_hours": "0.0"
  }
},
{
  "model": "services.service",
  "pk": 54,
  "fields": {
    "name": "Адаптация под планшеты",
    "description": "",
    "price": "6000.00",
    "programmer_hours": "0.0",
    "marketer_hours": "0.0",
    "smm_hours": "0.0"
  }
},
{
  "model": "services.service",
  "pk": 55,
  "fields": {
    "name": "Форма обратной связи",
    "description": "",
    "price": "5500.00",
    "programmer_hours": "0.0",
    "marketer_hours": "0.0",
    "smm_hours": "0.0"
  }
},
{
  "model": "services.service",
  "pk": 56,
  "fields": {
    "name": "Карта проезда",
    "description": "",
    "price": "5000.00",
    "programmer_hours": "0.0",
    "marketer_hours": "0.0",
    "smm_hours": "0.0"
  }
},
{
  "model": "services.service",
  "pk": 57,
  "fields": {
    "name": "SEO-база (3 ключа)",
    "description": "",
    "price": "7000.00",
    "programmer_hours": "0.0",
    "marketer_hours": "0.0",
    "smm_hours": "0.0"
  }
},
{
  "model": "services.service",
  "pk": 58,
  "fields": {
    "name": "Ключевые запросы с минус‑словами",
    "description": "",
    "price": "8000.00",
    "programmer_hours": "0.0",
    "marketer_hours": "6.0",
    "smm_hours": "0.0"
  }
},
{
  "model": "services.service",
  "pk": 59,
  "fields": {
    "name": "Медийная кампания (баннеры)",
    "description": "",
    "price": "10000.00",
    "programmer_hours": "0.0",
    "marketer_hours": "0.0",
    "smm_hours": "0.0"
  }
},
{
  "model": "services.service",
  "pk": 60,
  "fields": {
    "name": "Ремаркетинг по сценариям",
    "description": "",
    "price": "9000.00",
    "programmer_hours": "0.0",
    "marketer_hours": "0.0",
    "smm_hours": "0.0"
  }
},
{
  "model": "services.service",
  "pk": 61,
  "fields": {
    "name": "Динамические объявления",
    "description": "",
    "price": "8500.00",
    "programmer_hours": "0.0",
    "marketer_hours": "0.0",
    "smm_hours": "0.0"
  }
},
{
  "model": "services.service",
  "pk": 62,
  "fields": {
    "name": "Расширение «Уточнение»",
    "description": "",
    "price": "5500.00",
    "programmer_hours": "0.0",
    "marketer_hours": "0.0",
    "smm_hours": "0.0"
  }
},
{
  "model": "services.service",
  "pk": 63,
  "fields": {
    "name": "Автостратегия «Конверсии»",
    "description": "",
    "price": "12000.00",
    "programmer_hours": "0.0",
    "marketer_hours": "0.0",
    "smm_hours": "0.0"
  }
},
{
  "model": "services.service",
  "pk": 64,
  "fields": {
    "name": "Редактор субтитров для видео",
    "description": "",
    "price": "7000.00",
    "programmer_hours": "0.0",
    "marketer_hours": "0.0",
    "smm_hours": "4.0"
  }
},
{
  "model": "services.service",
  "pk": 65,
  "fields": {
    "name": "Подбор трендового аудио",
    "description": "",
    "price": "5000.00",
    "programmer_hours": "0.0",
    "marketer_hours": "0.0",
    "smm_hours": "0.0"
  }
},
{
  "model": "services.service",
  "pk": 66,
  "fields": {
    "name": "Сплит‑тест обложек",
    "description": "",
    "price": "6000.00",
    "programmer_hours": "0.0",
    "marketer_hours": "0.0",
    "smm_hours": "0.0"
  }
},
{
  "model": "services.service",
  "pk": 67,
  "fields": {
    "name": "Съёмка «говорящей головы»",
    "description": "",
    "price": "12000.00",
    "programmer_hours": "0.0",
    "marketer_hours": "0.0",
    "smm_hours": "0.0"
  }
},
{
  "model": "services.service",
  "pk": 68,
  "fields": {
    "name": "Эффект «зелёный экран»",
    "description": "",
    "price": "6500.00",
    "programmer_hours": "0.0",
    "marketer_hours": "0.0",
    "smm_hours": "0.0"
  }
},
{
  "model": "services.service",
  "pk": 69,
  "fields": {
    "name": "Публикация по таймеру",
    "description": "",
    "price": "5000.00",
    "programmer_hours": "0.0",
    "marketer_hours": "0.0",
    "smm_hours": "0.0"
  }
},
{
  "model": "services.service",
  "pk": 70,
  "fields": {
    "name": "Товарный фид для маркетплейсов",
    "description": "",
    "price": "15000.00",
    "programmer_hours": "8.0",
    "marketer_hours": "0.0",
    "smm_hours": "0.0"
  }
},
{
  "model": "services.service",
  "pk": 71,
  "fields": {
    "name": "Настройка купонов и скидок",
    "description": "",
    "price": "8000.00",
    "programmer_hours": "0.0",
    "marketer_hours": "0.0",
    "smm_hours": "0.0"
  }
},
{
  "model": "services.service",
  "pk": 72,
  "fields": {
    "name": "Умный поиск + фильтры",
    "description": "",
    "price": "10000.00",
    "programmer_hours": "0.0",
    "marketer_hours": "0.0",
    "smm_hours": "0.0"
  }
},
{
  "model": "services.service",
  "pk": 73,
  "fields": {
    "name": "Блок «с этим товаром покупают»",
    "description": "",
    "price": "7000.00",
    "programmer_hours": "0.0",
    "marketer_hours": "0.0",
    "smm_hours": "0.0"
  }
},
{
  "model": "services.service",
  "pk": 74,
  "fields": {
    "name": "Онлайн‑чат консультант",
    "description": "",
    "price": "6000.00",
    "programmer_hours": "0.0",
    "marketer_hours": "0.0",
    "smm_hours": "0.0"
  }
},
{
  "model": "services.service",
  "pk": 75,
  "fields": {
    "name": "Привязка склада (Excel-импорт)",
    "description": "",
    "price": "9000.00",
    "programmer_hours": "0.0",
    "marketer_hours": "0.0",
    "smm_hours": "0.0"
  }
},
{
  "model": "services.service",
  "pk": 76,
  "fields": {
    "name": "Микроразметка Schema.org",
    "description": "",
    "price": "10000.00",
    "programmer_hours": "5.0",
    "marketer_hours": "0.0",
    "smm_hours": "0.0"
  }
},
{
  "model": "services.service",
  "pk": 77,
  "fields": {
    "name": "Оптимизация медиафайлов",
    "description": "",
    "price": "6000.00",
    "programmer_hours": "0.0",
    "marketer_hours": "0.0",
    "smm_hours": "0.0"
  }
},
{
  "model": "services.service",
  "pk": 78,
  "fields": {
    "name": "Скорость загрузки (Lighthouse)",
    "description": "",
    "price": "8000.00",
    "programmer_hours": "0.0",
    "marketer_hours": "0.0",
    "smm_hours": "0.0"
  }
},
{
  "model": "services.service",
  "pk": 79,
  "fields": {
    "name": "Внутренняя перелинковка",
    "description": "",
    "price": "7000.00",
    "programmer_hours": "0.0",
    "marketer_hours": "0.0",
    "smm_hours": "0.0"
  }
},
{
  "model": "services.service",
  "pk": 80,
  "fields": {
    "name": "Индексация через API",
    "description": "",
    "price": "6500.00",
    "programmer_hours": "0.0",
    "marketer_hours": "0.0",
    "smm_hours": "0.0"
  }
},
{
  "model": "services.service",
  "pk": 81,
  "fields": {
    "name": "Краулер‑анализ (DeepCrawl)",
    "description": "",
    "price": "12000.00",
    "programmer_hours": "0.0",
    "marketer_hours": "0.0",
    "smm_hours": "0.0"
  }
},
{
  "model": "services.service",
  "pk": 85,
  "fields": {
    "name": "Ретаргетинг",
    "description": "",
    "price": "7500.00",
    "programmer_hours": "0.0",
    "marketer_hours": "0.0",
    "smm_hours": "0.0"
  }
},
{
  "model": "services.service",
  "pk": 86,
  "fields": {
    "name": "Дизайн инфографики",
    "description": "",
    "price": "9000.00",
    "programmer_hours": "0.0",
    "marketer_hours": "0.0",
    "smm_hours": "5.0"
  }
},
{
  "model": "services.service",
  "pk": 87,
  "fields": {
    "name": "Создание стикерпака",
    "description": "",
    "price": "7000.00",
    "programmer_hours": "0.0",
    "marketer_hours": "0.0",
    "smm_hours": "0.0"
  }
},
{
  "model": "services.service",
  "pk": 88,
  "fields": {
    "name": "Маскот / персонаж бренда",
    "description": "",
    "price": "12000.00",
    "programmer_hours": "0.0",
    "marketer_hours": "0.0",
    "smm_hours": "0.0"
  }
},
{
  "model": "services.service",
  "pk": 89,
  "fields": {
    "name": "Презентация PowerPoint (10 слайдов)",
    "description": "",
    "price": "10000.00",
    "programmer_hours": "0.0",
    "marketer_hours": "0.0",
    "smm_hours": "0.0"
  }
},
{
  "model": "services.service",
  "pk": 90,
  "fields": {
    "name": "Серия обоев для телефона",
    "description": "",
    "price": "5000.00",
    "programmer_hours": "0.0",
    "marketer_hours": "0.0",
    "smm_hours": "0.0"
  }
},
{
  "model": "services.service",
  "pk": 91,
  "fields": {
    "name": "Анимированный титр для видео",
    "description": "",
    "price": "8000.00",
    "programmer_hours": "0.0",
    "marketer_hours": "0.0",
    "smm_hours": "0.0"
  }
},
{
  "model": "services.service",
  "pk": 92,
  "fields": {
    "name": "Attribution Modelling",
    "description": "",
    "price": "15000.00",
    "programmer_hours": "4.0",
    "marketer_hours": "3.0",
    "smm_hours": "0.0"
  }
},
{
  "model": "services.service",
  "pk": 93,
  "fields": {
    "name": "Анализ LTV клиента",
    "description": "",
    "price": "10000.00",
    "programmer_hours": "0.0",
    "marketer_hours": "0.0",
    "smm_hours": "0.0"
  }
},
{
  "model": "services.service",
  "pk": 94,
  "fields": {
    "name": "ABC‑анализ товаров",
    "description": "",
    "price": "8000.00",
    "programmer_hours": "0.0",
    "marketer_hours": "0.0",
    "smm_hours": "0.0"
  }
},
{
  "model": "services.service",
  "pk": 95,
  "fields": {
    "name": "UTM‑менеджер (билдер)",
    "description": "",
    "price": "6000.00",
    "programmer_hours": "0.0",
    "marketer_hours": "0.0",
    "smm_hours": "0.0"
  }
},
{
  "model": "services.service",
  "pk": 96,
  "fields": {
    "name": "Дашборд в Data Studio",
    "description": "",
    "price": "12000.00",
    "programmer_hours": "0.0",
    "marketer_hours": "0.0",
    "smm_hours": "0.0"
  }
},
{
  "model": "services.service",
  "pk": 97,
  "fields": {
    "name": "Прогноз оттока клиентов",
    "description": "",
    "price": "10000.00",
    "programmer_hours": "0.0",
    "marketer_hours": "0.0",
    "smm_hours": "0.0"
  }
},
{
  "model": "services.service",
  "pk": 98,
  "fields": {
    "name": "Продвижение в VK",
    "description": "",
    "price": "8000.00",
    "programmer_hours": "0.0",
    "marketer_hours": "2.0",
    "smm_hours": "6.0"
  }
},
{
  "model": "services.service",
  "pk": 99,
  "fields": {
    "name": "Чат-бот для Telegram",
    "description": "",
    "price": "12000.00",
    "programmer_hours": "4.0",
    "marketer_hours": "2.0",
    "smm_hours": "2.0"
  }
},
{
  "model": "services.service",
  "pk": 100,
  "fields": {
    "name": "Яндекс.Бизнес (Профиль)",
    "description": "",
    "price": "7000.00",
    "programmer_hours": "0.0",
    "marketer_hours": "3.0",
    "smm_hours": "3.0"
  }
},
{
  "model": "services.service",
  "pk": 101,
  "fields": {
    "name": "Анализ аудитории ВК",
    "description": "",
    "price": "9000.00",
    "programmer_hours": "0.0",
    "marketer_hours": "4.0",
    "smm_hours": "2.0"
  }
},
{
  "model": "services.service",
  "pk": 102,
  "fields": {
    "name": "Таргет ВКонтакте (расширенный)",
    "description": "",
    "price": "10000.00",
    "programmer_hours": "0.0",
    "marketer_hours": "1.0",
    "smm_hours": "7.0"
  }
},
{
  "model": "services.service",
  "pk": 103,
  "fields": {
    "name": "Сбор отзывов на Яндекс.Картах",
    "description": "",
    "price": "6000.00",
    "programmer_hours": "0.0",
    "marketer_hours": "4.0",
    "smm_hours": "0.0"
  }
},
{
  "model": "orders.order",
  "pk": 1,
  "fields": {
    "client": 1,
    "status": "new",
    "created_at": "2026-05-16T20:21:53.629",
    "total_price": "30000.00",
    "services_data": {
      "items": [
        {
          "type": "custom",
          "package_name": "Одноклассники (OK) Start",
          "services": [
            {
              "name": "Таргет ВКонтакте",
              "price": 5000.0,
              "programmer_hours": 0.0,
              "marketer_hours": 0.0,
              "smm_hours": 0.0
            },
            {
              "name": "Дизайн постов (4 шт)",
              "price": 5000.0,
              "programmer_hours": 0.0,
              "marketer_hours": 0.0,
              "smm_hours": 0.0
            },
            {
              "name": "Анализ конкурентов SMM",
              "price": 5000.0,
              "programmer_hours": 0.0,
              "marketer_hours": 0.0,
              "smm_hours": 0.0
            },
            {
              "name": "Таргет OK (до 18+)",
              "price": 5000.0,
              "programmer_hours": 0.0,
              "marketer_hours": 0.0,
              "smm_hours": 0.0
            },
            {
              "name": "Создание группы OK с нуля",
              "price": 5000.0,
              "programmer_hours": 0.0,
              "marketer_hours": 0.0,
              "smm_hours": 0.0
            },
            {
              "name": "Парсинг участников групп",
              "price": 5000.0,
              "programmer_hours": 0.0,
              "marketer_hours": 0.0,
              "smm_hours": 0.0
            }
          ],
          "total_price": 30000.0
        }
      ]
    },
    "region": "Астраханская область",
    "comment": null,
    "assigned_programmer": null,
    "assigned_marketer": null,
    "assigned_smm": null,
    "assigned_manager": 5,
    "programmer_hours": "0.0",
    "marketer_hours": "0.0",
    "smm_hours": "0.0"
  }
},
{
  "model": "orders.order",
  "pk": 2,
  "fields": {
    "client": 2,
    "status": "new",
    "created_at": "2026-05-18T12:37:40.085",
    "total_price": "80000.00",
    "services_data": {
      "items": [
        {
          "type": "custom",
          "package_name": "Яндекс.Директ Start",
          "services": [
            {
              "name": "Таргет ВКонтакте",
              "price": 5000.0,
              "programmer_hours": 0.0,
              "marketer_hours": 0.0,
              "smm_hours": 0.0
            },
            {
              "name": "Контент-план (1 месяц)",
              "price": 5000.0,
              "programmer_hours": 0.0,
              "marketer_hours": 0.0,
              "smm_hours": 0.0
            },
            {
              "name": "Анализ конкурентов SMM",
              "price": 5000.0,
              "programmer_hours": 0.0,
              "marketer_hours": 0.0,
              "smm_hours": 0.0
            },
            {
              "name": "Ключевые запросы с минус‑словами",
              "price": 5000.0,
              "programmer_hours": 0.0,
              "marketer_hours": 0.0,
              "smm_hours": 0.0
            },
            {
              "name": "Ремаркетинг по сценариям",
              "price": 5000.0,
              "programmer_hours": 0.0,
              "marketer_hours": 0.0,
              "smm_hours": 0.0
            }
          ],
          "total_price": 25000.0
        },
        {
          "type": "custom",
          "package_name": "Сайт‑визитка Start",
          "services": [
            {
              "name": "Таргет ВКонтакте",
              "price": 5000.0,
              "programmer_hours": 0.0,
              "marketer_hours": 0.0,
              "smm_hours": 0.0
            },
            {
              "name": "Контент-план (1 месяц)",
              "price": 5000.0,
              "programmer_hours": 0.0,
              "marketer_hours": 0.0,
              "smm_hours": 0.0
            },
            {
              "name": "Анализ конкурентов SMM",
              "price": 5000.0,
              "programmer_hours": 0.0,
              "marketer_hours": 0.0,
              "smm_hours": 0.0
            },
            {
              "name": "Верстка на Webflow",
              "price": 5000.0,
              "programmer_hours": 0.0,
              "marketer_hours": 0.0,
              "smm_hours": 0.0
            },
            {
              "name": "SSL-сертификат",
              "price": 5000.0,
              "programmer_hours": 0.0,
              "marketer_hours": 0.0,
              "smm_hours": 0.0
            },
            {
              "name": "Адаптация под планшеты",
              "price": 5000.0,
              "programmer_hours": 0.0,
              "marketer_hours": 0.0,
              "smm_hours": 0.0
            }
          ],
          "total_price": 30000.0
        },
        {
          "type": "custom",
          "package_name": "VK‑клипы Start",
          "services": [
            {
              "name": "Таргет ВКонтакте",
              "price": 5000.0,
              "programmer_hours": 0.0,
              "marketer_hours": 0.0,
              "smm_hours": 0.0
            },
            {
              "name": "Дизайн постов (4 шт)",
              "price": 5000.0,
              "programmer_hours": 0.0,
              "marketer_hours": 0.0,
              "smm_hours": 0.0
            },
            {
              "name": "Анализ конкурентов SMM",
              "price": 5000.0,
              "programmer_hours": 0.0,
              "marketer_hours": 0.0,
              "smm_hours": 0.0
            },
            {
              "name": "Редактор тикток‑субтитров",
              "price": 5000.0,
              "programmer_hours": 0.0,
              "marketer_hours": 0.0,
              "smm_hours": 0.0
            },
            {
              "name": "Подбор трендового аудио",
              "price": 5000.0,
              "programmer_hours": 0.0,
              "marketer_hours": 0.0,
              "smm_hours": 0.0
            }
          ],
          "total_price": 25000.0
        }
      ]
    },
    "region": "Воронежская область",
    "comment": null,
    "assigned_programmer": null,
    "assigned_marketer": null,
    "assigned_smm": null,
    "assigned_manager": 10,
    "programmer_hours": "0.0",
    "marketer_hours": "0.0",
    "smm_hours": "0.0"
  }
},
{
  "model": "orders.order",
  "pk": 3,
  "fields": {
    "client": 2,
    "status": "new",
    "created_at": "2026-05-19T19:00:53.065",
    "total_price": "30000.00",
    "services_data": {
      "items": [
        {
          "type": "custom",
          "package_name": "SMM Start",
          "services": [
            {
              "name": "Таргет ВКонтакте",
              "price": 5000.0,
              "programmer_hours": 0.0,
              "marketer_hours": 0.0,
              "smm_hours": 0.0
            },
            {
              "name": "Контент-план (1 месяц)",
              "price": 5000.0,
              "programmer_hours": 0.0,
              "marketer_hours": 0.0,
              "smm_hours": 0.0
            },
            {
              "name": "Дизайн постов (4 шт)",
              "price": 5000.0,
              "programmer_hours": 0.0,
              "marketer_hours": 0.0,
              "smm_hours": 0.0
            },
            {
              "name": "Написание постов (4 шт)",
              "price": 5000.0,
              "programmer_hours": 0.0,
              "marketer_hours": 0.0,
              "smm_hours": 0.0
            },
            {
              "name": "Целевая страница ВК",
              "price": 5000.0,
              "programmer_hours": 0.0,
              "marketer_hours": 0.0,
              "smm_hours": 0.0
            },
            {
              "name": "Анализ конкурентов SMM",
              "price": 5000.0,
              "programmer_hours": 0.0,
              "marketer_hours": 0.0,
              "smm_hours": 0.0
            }
          ],
          "total_price": 30000.0
        }
      ]
    },
    "region": "Еврейская АО",
    "comment": null,
    "assigned_programmer": null,
    "assigned_marketer": null,
    "assigned_smm": null,
    "assigned_manager": 5,
    "programmer_hours": "0.0",
    "marketer_hours": "0.0",
    "smm_hours": "0.0"
  }
},
{
  "model": "orders.order",
  "pk": 4,
  "fields": {
    "client": 2,
    "status": "new",
    "created_at": "2026-05-19T19:01:03.644",
    "total_price": "30000.00",
    "services_data": {
      "items": [
        {
          "type": "custom",
          "package_name": "SMM Start",
          "services": [
            {
              "name": "Таргет ВКонтакте",
              "price": 5000.0,
              "programmer_hours": 0.0,
              "marketer_hours": 0.0,
              "smm_hours": 0.0
            },
            {
              "name": "Контент-план (1 месяц)",
              "price": 5000.0,
              "programmer_hours": 0.0,
              "marketer_hours": 0.0,
              "smm_hours": 0.0
            },
            {
              "name": "Дизайн постов (4 шт)",
              "price": 5000.0,
              "programmer_hours": 0.0,
              "marketer_hours": 0.0,
              "smm_hours": 0.0
            },
            {
              "name": "Написание постов (4 шт)",
              "price": 5000.0,
              "programmer_hours": 0.0,
              "marketer_hours": 0.0,
              "smm_hours": 0.0
            },
            {
              "name": "Целевая страница ВК",
              "price": 5000.0,
              "programmer_hours": 0.0,
              "marketer_hours": 0.0,
              "smm_hours": 0.0
            },
            {
              "name": "Анализ конкурентов SMM",
              "price": 5000.0,
              "programmer_hours": 0.0,
              "marketer_hours": 0.0,
              "smm_hours": 0.0
            }
          ],
          "total_price": 30000.0
        }
      ]
    },
    "region": "Ингушетия",
    "comment": null,
    "assigned_programmer": null,
    "assigned_marketer": null,
    "assigned_smm": null,
    "assigned_manager": 10,
    "programmer_hours": "0.0",
    "marketer_hours": "0.0",
    "smm_hours": "0.0"
  }
},
{
  "model": "orders.order",
  "pk": 5,
  "fields": {
    "client": 2,
    "status": "new",
    "created_at": "2026-05-19T19:01:11.595",
    "total_price": "30000.00",
    "services_data": {
      "items": [
        {
          "type": "custom",
          "package_name": "SMM Start",
          "services": [
            {
              "name": "Таргет ВКонтакте",
              "price": 5000.0,
              "programmer_hours": 0.0,
              "marketer_hours": 0.0,
              "smm_hours": 0.0
            },
            {
              "name": "Контент-план (1 месяц)",
              "price": 5000.0,
              "programmer_hours": 0.0,
              "marketer_hours": 0.0,
              "smm_hours": 0.0
            },
            {
              "name": "Дизайн постов (4 шт)",
              "price": 5000.0,
              "programmer_hours": 0.0,
              "marketer_hours": 0.0,
              "smm_hours": 0.0
            },
            {
              "name": "Написание постов (4 шт)",
              "price": 5000.0,
              "programmer_hours": 0.0,
              "marketer_hours": 0.0,
              "smm_hours": 0.0
            },
            {
              "name": "Целевая страница ВК",
              "price": 5000.0,
              "programmer_hours": 0.0,
              "marketer_hours": 0.0,
              "smm_hours": 0.0
            },
            {
              "name": "Анализ конкурентов SMM",
              "price": 5000.0,
              "programmer_hours": 0.0,
              "marketer_hours": 0.0,
              "smm_hours": 0.0
            }
          ],
          "total_price": 30000.0
        }
      ]
    },
    "region": "ДНР",
    "comment": null,
    "assigned_programmer": null,
    "assigned_marketer": null,
    "assigned_smm": null,
    "assigned_manager": 5,
    "programmer_hours": "0.0",
    "marketer_hours": "0.0",
    "smm_hours": "0.0"
  }
},
{
  "model": "orders.order",
  "pk": 6,
  "fields": {
    "client": 2,
    "status": "new",
    "created_at": "2026-05-19T19:01:19.967",
    "total_price": "30000.00",
    "services_data": {
      "items": [
        {
          "type": "custom",
          "package_name": "Одноклассники (OK) Start",
          "services": [
            {
              "name": "Таргет ВКонтакте",
              "price": 5000.0,
              "programmer_hours": 0.0,
              "marketer_hours": 0.0,
              "smm_hours": 0.0
            },
            {
              "name": "Дизайн постов (4 шт)",
              "price": 5000.0,
              "programmer_hours": 0.0,
              "marketer_hours": 0.0,
              "smm_hours": 0.0
            },
            {
              "name": "Анализ конкурентов SMM",
              "price": 5000.0,
              "programmer_hours": 0.0,
              "marketer_hours": 0.0,
              "smm_hours": 0.0
            },
            {
              "name": "Таргет OK (до 18+)",
              "price": 5000.0,
              "programmer_hours": 0.0,
              "marketer_hours": 0.0,
              "smm_hours": 0.0
            },
            {
              "name": "Создание группы OK с нуля",
              "price": 5000.0,
              "programmer_hours": 0.0,
              "marketer_hours": 0.0,
              "smm_hours": 0.0
            },
            {
              "name": "Парсинг участников групп",
              "price": 5000.0,
              "programmer_hours": 0.0,
              "marketer_hours": 0.0,
              "smm_hours": 0.0
            }
          ],
          "total_price": 30000.0
        }
      ]
    },
    "region": "Амурская область",
    "comment": null,
    "assigned_programmer": null,
    "assigned_marketer": null,
    "assigned_smm": null,
    "assigned_manager": 10,
    "programmer_hours": "0.0",
    "marketer_hours": "0.0",
    "smm_hours": "0.0"
  }
},
{
  "model": "orders.order",
  "pk": 7,
  "fields": {
    "client": 2,
    "status": "new",
    "created_at": "2026-05-19T19:05:20.240",
    "total_price": "30000.00",
    "services_data": {
      "items": [
        {
          "type": "custom",
          "package_name": "SMM Start",
          "services": [
            {
              "name": "Таргет ВКонтакте",
              "price": 5000.0,
              "programmer_hours": 0.0,
              "marketer_hours": 0.0,
              "smm_hours": 5.0
            },
            {
              "name": "Контент-план (1 месяц)",
              "price": 5000.0,
              "programmer_hours": 0.0,
              "marketer_hours": 4.0,
              "smm_hours": 0.0
            },
            {
              "name": "Дизайн постов (4 шт)",
              "price": 5000.0,
              "programmer_hours": 0.0,
              "marketer_hours": 0.0,
              "smm_hours": 6.0
            },
            {
              "name": "Написание постов (4 шт)",
              "price": 5000.0,
              "programmer_hours": 0.0,
              "marketer_hours": 4.0,
              "smm_hours": 0.0
            },
            {
              "name": "Целевая страница ВК",
              "price": 5000.0,
              "programmer_hours": 0.0,
              "marketer_hours": 0.0,
              "smm_hours": 0.0
            },
            {
              "name": "Анализ конкурентов SMM",
              "price": 5000.0,
              "programmer_hours": 0.0,
              "marketer_hours": 0.0,
              "smm_hours": 0.0
            }
          ],
          "total_price": 30000.0
        }
      ]
    },
    "region": "Адыгея",
    "comment": null,
    "assigned_programmer": null,
    "assigned_marketer": 3,
    "assigned_smm": 4,
    "assigned_manager": 5,
    "programmer_hours": "0.0",
    "marketer_hours": "8.0",
    "smm_hours": "11.0"
  }
},
{
  "model": "orders.order",
  "pk": 8,
  "fields": {
    "client": 2,
    "status": "new",
    "created_at": "2026-05-19T19:05:30.242",
    "total_price": "30000.00",
    "services_data": {
      "items": [
        {
          "type": "custom",
          "package_name": "SMM Start",
          "services": [
            {
              "name": "Таргет ВКонтакте",
              "price": 5000.0,
              "programmer_hours": 0.0,
              "marketer_hours": 0.0,
              "smm_hours": 5.0
            },
            {
              "name": "Контент-план (1 месяц)",
              "price": 5000.0,
              "programmer_hours": 0.0,
              "marketer_hours": 4.0,
              "smm_hours": 0.0
            },
            {
              "name": "Дизайн постов (4 шт)",
              "price": 5000.0,
              "programmer_hours": 0.0,
              "marketer_hours": 0.0,
              "smm_hours": 6.0
            },
            {
              "name": "Написание постов (4 шт)",
              "price": 5000.0,
              "programmer_hours": 0.0,
              "marketer_hours": 4.0,
              "smm_hours": 0.0
            },
            {
              "name": "Целевая страница ВК",
              "price": 5000.0,
              "programmer_hours": 0.0,
              "marketer_hours": 0.0,
              "smm_hours": 0.0
            },
            {
              "name": "Анализ конкурентов SMM",
              "price": 5000.0,
              "programmer_hours": 0.0,
              "marketer_hours": 0.0,
              "smm_hours": 0.0
            }
          ],
          "total_price": 30000.0
        }
      ]
    },
    "region": "Санкт-Петербург",
    "comment": null,
    "assigned_programmer": null,
    "assigned_marketer": 8,
    "assigned_smm": 9,
    "assigned_manager": 10,
    "programmer_hours": "0.0",
    "marketer_hours": "8.0",
    "smm_hours": "11.0"
  }
},
{
  "model": "orders.order",
  "pk": 9,
  "fields": {
    "client": 2,
    "status": "new",
    "created_at": "2026-05-19T19:05:38.134",
    "total_price": "30000.00",
    "services_data": {
      "items": [
        {
          "type": "custom",
          "package_name": "SMM Start",
          "services": [
            {
              "name": "Таргет ВКонтакте",
              "price": 5000.0,
              "programmer_hours": 0.0,
              "marketer_hours": 0.0,
              "smm_hours": 5.0
            },
            {
              "name": "Контент-план (1 месяц)",
              "price": 5000.0,
              "programmer_hours": 0.0,
              "marketer_hours": 4.0,
              "smm_hours": 0.0
            },
            {
              "name": "Дизайн постов (4 шт)",
              "price": 5000.0,
              "programmer_hours": 0.0,
              "marketer_hours": 0.0,
              "smm_hours": 6.0
            },
            {
              "name": "Написание постов (4 шт)",
              "price": 5000.0,
              "programmer_hours": 0.0,
              "marketer_hours": 4.0,
              "smm_hours": 0.0
            },
            {
              "name": "Целевая страница ВК",
              "price": 5000.0,
              "programmer_hours": 0.0,
              "marketer_hours": 0.0,
              "smm_hours": 0.0
            },
            {
              "name": "Анализ конкурентов SMM",
              "price": 5000.0,
              "programmer_hours": 0.0,
              "marketer_hours": 0.0,
              "smm_hours": 0.0
            }
          ],
          "total_price": 30000.0
        }
      ]
    },
    "region": "Алтай",
    "comment": null,
    "assigned_programmer": null,
    "assigned_marketer": 3,
    "assigned_smm": 4,
    "assigned_manager": 5,
    "programmer_hours": "0.0",
    "marketer_hours": "8.0",
    "smm_hours": "11.0"
  }
},
{
  "model": "orders.order",
  "pk": 10,
  "fields": {
    "client": 2,
    "status": "new",
    "created_at": "2026-05-19T19:47:03.586",
    "total_price": "50000.00",
    "services_data": {
      "items": [
        {
          "type": "custom",
          "package_name": "Продвижение ВКонтакте",
          "services": [
            {
              "name": "Таргет ВКонтакте",
              "price": 8000.0,
              "programmer_hours": 0.0,
              "marketer_hours": 0.0,
              "smm_hours": 5.0
            },
            {
              "name": "Контент-план (1 месяц)",
              "price": 7000.0,
              "programmer_hours": 0.0,
              "marketer_hours": 4.0,
              "smm_hours": 0.0
            },
            {
              "name": "Дизайн постов (4 шт)",
              "price": 9000.0,
              "programmer_hours": 0.0,
              "marketer_hours": 0.0,
              "smm_hours": 6.0
            },
            {
              "name": "Написание постов (4 шт)",
              "price": 7000.0,
              "programmer_hours": 0.0,
              "marketer_hours": 4.0,
              "smm_hours": 0.0
            },
            {
              "name": "Целевая страница ВК",
              "price": 10000.0,
              "programmer_hours": 0.0,
              "marketer_hours": 0.0,
              "smm_hours": 0.0
            },
            {
              "name": "Анализ аудитории ВК",
              "price": 9000.0,
              "programmer_hours": 0.0,
              "marketer_hours": 4.0,
              "smm_hours": 2.0
            }
          ],
          "total_price": 50000.0
        }
      ]
    },
    "region": "Адыгея",
    "comment": "",
    "assigned_programmer": null,
    "assigned_marketer": 8,
    "assigned_smm": 9,
    "assigned_manager": 10,
    "programmer_hours": "0.0",
    "marketer_hours": "12.0",
    "smm_hours": "13.0"
  }
},
{
  "model": "orders.order",
  "pk": 11,
  "fields": {
    "client": 2,
    "status": "completed",
    "created_at": "2026-05-19T20:05:21.271",
    "total_price": "63000.00",
    "services_data": {
      "items": [
        {
          "type": "custom",
          "package_name": "Продвижение ВКонтакте",
          "services": [
            {
              "name": "Таргет ВКонтакте",
              "price": 8000.0,
              "programmer_hours": 0.0,
              "marketer_hours": 0.0,
              "smm_hours": 5.0
            },
            {
              "name": "Контент-план (1 месяц)",
              "price": 7000.0,
              "programmer_hours": 0.0,
              "marketer_hours": 4.0,
              "smm_hours": 0.0
            },
            {
              "name": "Дизайн постов (4 шт)",
              "price": 9000.0,
              "programmer_hours": 0.0,
              "marketer_hours": 0.0,
              "smm_hours": 6.0
            },
            {
              "name": "Написание постов (4 шт)",
              "price": 7000.0,
              "programmer_hours": 0.0,
              "marketer_hours": 4.0,
              "smm_hours": 0.0
            },
            {
              "name": "Целевая страница ВК",
              "price": 10000.0,
              "programmer_hours": 0.0,
              "marketer_hours": 0.0,
              "smm_hours": 0.0
            },
            {
              "name": "Анализ аудитории ВК",
              "price": 9000.0,
              "programmer_hours": 0.0,
              "marketer_hours": 4.0,
              "smm_hours": 2.0
            }
          ],
          "total_price": 50000.0
        },
        {
          "type": "custom",
          "package_name": "Конструктор услуг",
          "services": [
            {
              "name": "Яндекс.Бизнес (Профиль)",
              "price": 7000.0,
              "programmer_hours": 0.0,
              "marketer_hours": 3.0,
              "smm_hours": 3.0
            },
            {
              "name": "Сбор отзывов на Яндекс.Картах",
              "price": 6000.0,
              "programmer_hours": 0.0,
              "marketer_hours": 4.0,
              "smm_hours": 0.0
            }
          ],
          "total_price": 13000.0
        }
      ]
    },
    "region": "Санкт-Петербург",
    "comment": "",
    "assigned_programmer": null,
    "assigned_marketer": 3,
    "assigned_smm": 4,
    "assigned_manager": 5,
    "programmer_hours": "0.0",
    "marketer_hours": "19.0",
    "smm_hours": "16.0"
  }
},
{
  "model": "orders.order",
  "pk": 12,
  "fields": {
    "client": 2,
    "status": "new",
    "created_at": "2026-05-19T23:13:05.621",
    "total_price": "50000.00",
    "services_data": {
      "items": [
        {
          "type": "custom",
          "package_name": "Продвижение ВКонтакте",
          "services": [
            {
              "name": "Таргет ВКонтакте",
              "price": 8000.0,
              "programmer_hours": 0.0,
              "marketer_hours": 0.0,
              "smm_hours": 5.0
            },
            {
              "name": "Контент-план (1 месяц)",
              "price": 7000.0,
              "programmer_hours": 0.0,
              "marketer_hours": 4.0,
              "smm_hours": 0.0
            },
            {
              "name": "Дизайн постов (4 шт)",
              "price": 9000.0,
              "programmer_hours": 0.0,
              "marketer_hours": 0.0,
              "smm_hours": 6.0
            },
            {
              "name": "Написание постов (4 шт)",
              "price": 7000.0,
              "programmer_hours": 0.0,
              "marketer_hours": 4.0,
              "smm_hours": 0.0
            },
            {
              "name": "Целевая страница ВК",
              "price": 10000.0,
              "programmer_hours": 0.0,
              "marketer_hours": 0.0,
              "smm_hours": 0.0
            },
            {
              "name": "Анализ аудитории ВК",
              "price": 9000.0,
              "programmer_hours": 0.0,
              "marketer_hours": 4.0,
              "smm_hours": 2.0
            }
          ],
          "total_price": 50000.0
        }
      ]
    },
    "region": "Смоленская область",
    "comment": "",
    "assigned_programmer": null,
    "assigned_marketer": 3,
    "assigned_smm": 4,
    "assigned_manager": 5,
    "programmer_hours": "0.0",
    "marketer_hours": "12.0",
    "smm_hours": "13.0"
  }
},
{
  "model": "orders.order",
  "pk": 13,
  "fields": {
    "client": 2,
    "status": "new",
    "created_at": "2026-05-19T23:13:14.208",
    "total_price": "50000.00",
    "services_data": {
      "items": [
        {
          "type": "custom",
          "package_name": "Продвижение ВКонтакте",
          "services": [
            {
              "name": "Таргет ВКонтакте",
              "price": 8000.0,
              "programmer_hours": 0.0,
              "marketer_hours": 0.0,
              "smm_hours": 5.0
            },
            {
              "name": "Контент-план (1 месяц)",
              "price": 7000.0,
              "programmer_hours": 0.0,
              "marketer_hours": 4.0,
              "smm_hours": 0.0
            },
            {
              "name": "Дизайн постов (4 шт)",
              "price": 9000.0,
              "programmer_hours": 0.0,
              "marketer_hours": 0.0,
              "smm_hours": 6.0
            },
            {
              "name": "Написание постов (4 шт)",
              "price": 7000.0,
              "programmer_hours": 0.0,
              "marketer_hours": 4.0,
              "smm_hours": 0.0
            },
            {
              "name": "Целевая страница ВК",
              "price": 10000.0,
              "programmer_hours": 0.0,
              "marketer_hours": 0.0,
              "smm_hours": 0.0
            },
            {
              "name": "Анализ аудитории ВК",
              "price": 9000.0,
              "programmer_hours": 0.0,
              "marketer_hours": 4.0,
              "smm_hours": 2.0
            }
          ],
          "total_price": 50000.0
        }
      ]
    },
    "region": "Москва",
    "comment": "",
    "assigned_programmer": null,
    "assigned_marketer": 8,
    "assigned_smm": 9,
    "assigned_manager": 10,
    "programmer_hours": "0.0",
    "marketer_hours": "12.0",
    "smm_hours": "13.0"
  }
},
{
  "model": "orders.order",
  "pk": 14,
  "fields": {
    "client": 2,
    "status": "new",
    "created_at": "2026-05-19T23:13:25.517",
    "total_price": "50000.00",
    "services_data": {
      "items": [
        {
          "type": "custom",
          "package_name": "Продвижение ВКонтакте",
          "services": [
            {
              "name": "Таргет ВКонтакте",
              "price": 8000.0,
              "programmer_hours": 0.0,
              "marketer_hours": 0.0,
              "smm_hours": 5.0
            },
            {
              "name": "Контент-план (1 месяц)",
              "price": 7000.0,
              "programmer_hours": 0.0,
              "marketer_hours": 4.0,
              "smm_hours": 0.0
            },
            {
              "name": "Дизайн постов (4 шт)",
              "price": 9000.0,
              "programmer_hours": 0.0,
              "marketer_hours": 0.0,
              "smm_hours": 6.0
            },
            {
              "name": "Написание постов (4 шт)",
              "price": 7000.0,
              "programmer_hours": 0.0,
              "marketer_hours": 4.0,
              "smm_hours": 0.0
            },
            {
              "name": "Целевая страница ВК",
              "price": 10000.0,
              "programmer_hours": 0.0,
              "marketer_hours": 0.0,
              "smm_hours": 0.0
            },
            {
              "name": "Анализ аудитории ВК",
              "price": 9000.0,
              "programmer_hours": 0.0,
              "marketer_hours": 4.0,
              "smm_hours": 2.0
            }
          ],
          "total_price": 50000.0
        }
      ]
    },
    "region": "Адыгея",
    "comment": "",
    "assigned_programmer": null,
    "assigned_marketer": 3,
    "assigned_smm": 9,
    "assigned_manager": 5,
    "programmer_hours": "0.0",
    "marketer_hours": "12.0",
    "smm_hours": "13.0"
  }
},
{
  "model": "orders.order",
  "pk": 15,
  "fields": {
    "client": 2,
    "status": "new",
    "created_at": "2026-05-19T23:24:36.685",
    "total_price": "50000.00",
    "services_data": {
      "items": [
        {
          "type": "custom",
          "package_name": "Продвижение ВКонтакте",
          "services": [
            {
              "name": "Таргет ВКонтакте",
              "price": 8000.0,
              "programmer_hours": 0.0,
              "marketer_hours": 0.0,
              "smm_hours": 5.0
            },
            {
              "name": "Контент-план (1 месяц)",
              "price": 7000.0,
              "programmer_hours": 0.0,
              "marketer_hours": 4.0,
              "smm_hours": 0.0
            },
            {
              "name": "Дизайн постов (4 шт)",
              "price": 9000.0,
              "programmer_hours": 0.0,
              "marketer_hours": 0.0,
              "smm_hours": 6.0
            },
            {
              "name": "Написание постов (4 шт)",
              "price": 7000.0,
              "programmer_hours": 0.0,
              "marketer_hours": 4.0,
              "smm_hours": 0.0
            },
            {
              "name": "Целевая страница ВК",
              "price": 10000.0,
              "programmer_hours": 0.0,
              "marketer_hours": 0.0,
              "smm_hours": 0.0
            },
            {
              "name": "Анализ аудитории ВК",
              "price": 9000.0,
              "programmer_hours": 0.0,
              "marketer_hours": 4.0,
              "smm_hours": 2.0
            }
          ],
          "total_price": 50000.0
        }
      ]
    },
    "region": "Алтай",
    "comment": "",
    "assigned_programmer": null,
    "assigned_marketer": 8,
    "assigned_smm": 9,
    "assigned_manager": 10,
    "programmer_hours": "0.0",
    "marketer_hours": "12.0",
    "smm_hours": "13.0"
  }
},
{
  "model": "orders.order",
  "pk": 16,
  "fields": {
    "client": 2,
    "status": "completed",
    "created_at": "2026-05-19T23:25:00.903",
    "total_price": "50000.00",
    "services_data": {
      "items": [
        {
          "type": "custom",
          "package_name": "Продвижение ВКонтакте",
          "services": [
            {
              "name": "Таргет ВКонтакте",
              "price": 8000.0,
              "programmer_hours": 0.0,
              "marketer_hours": 0.0,
              "smm_hours": 5.0
            },
            {
              "name": "Контент-план (1 месяц)",
              "price": 7000.0,
              "programmer_hours": 0.0,
              "marketer_hours": 4.0,
              "smm_hours": 0.0
            },
            {
              "name": "Дизайн постов (4 шт)",
              "price": 9000.0,
              "programmer_hours": 0.0,
              "marketer_hours": 0.0,
              "smm_hours": 6.0
            },
            {
              "name": "Написание постов (4 шт)",
              "price": 7000.0,
              "programmer_hours": 0.0,
              "marketer_hours": 4.0,
              "smm_hours": 0.0
            },
            {
              "name": "Целевая страница ВК",
              "price": 10000.0,
              "programmer_hours": 0.0,
              "marketer_hours": 0.0,
              "smm_hours": 0.0
            },
            {
              "name": "Анализ аудитории ВК",
              "price": 9000.0,
              "programmer_hours": 0.0,
              "marketer_hours": 4.0,
              "smm_hours": 2.0
            }
          ],
          "total_price": 50000.0
        }
      ]
    },
    "region": "Адыгея",
    "comment": "",
    "assigned_programmer": null,
    "assigned_marketer": 3,
    "assigned_smm": 9,
    "assigned_manager": 5,
    "programmer_hours": "0.0",
    "marketer_hours": "12.0",
    "smm_hours": "13.0"
  }
},
{
  "model": "orders.order",
  "pk": 17,
  "fields": {
    "client": 2,
    "status": "new",
    "created_at": "2026-05-19T23:41:01.437",
    "total_price": "50000.00",
    "services_data": {
      "items": [
        {
          "type": "custom",
          "package_name": "Продвижение ВКонтакте",
          "services": [
            {
              "name": "Таргет ВКонтакте",
              "price": 8000.0,
              "programmer_hours": 0.0,
              "marketer_hours": 0.0,
              "smm_hours": 5.0
            },
            {
              "name": "Контент-план (1 месяц)",
              "price": 7000.0,
              "programmer_hours": 0.0,
              "marketer_hours": 4.0,
              "smm_hours": 0.0
            },
            {
              "name": "Дизайн постов (4 шт)",
              "price": 9000.0,
              "programmer_hours": 0.0,
              "marketer_hours": 0.0,
              "smm_hours": 6.0
            },
            {
              "name": "Написание постов (4 шт)",
              "price": 7000.0,
              "programmer_hours": 0.0,
              "marketer_hours": 4.0,
              "smm_hours": 0.0
            },
            {
              "name": "Целевая страница ВК",
              "price": 10000.0,
              "programmer_hours": 0.0,
              "marketer_hours": 0.0,
              "smm_hours": 0.0
            },
            {
              "name": "Анализ аудитории ВК",
              "price": 9000.0,
              "programmer_hours": 0.0,
              "marketer_hours": 4.0,
              "smm_hours": 2.0
            }
          ],
          "total_price": 50000.0
        }
      ]
    },
    "region": "Санкт-Петербург",
    "comment": "",
    "assigned_programmer": null,
    "assigned_marketer": 8,
    "assigned_smm": 4,
    "assigned_manager": 10,
    "programmer_hours": "0.0",
    "marketer_hours": "12.0",
    "smm_hours": "13.0"
  }
},
{
  "model": "orders.order",
  "pk": 18,
  "fields": {
    "client": 2,
    "status": "new",
    "created_at": "2026-05-20T00:59:01.941",
    "total_price": "50000.00",
    "services_data": {
      "items": [
        {
          "type": "custom",
          "package_name": "Продвижение ВКонтакте",
          "services": [
            {
              "name": "Таргет ВКонтакте",
              "price": 8000.0,
              "programmer_hours": 0.0,
              "marketer_hours": 0.0,
              "smm_hours": 5.0
            },
            {
              "name": "Контент-план (1 месяц)",
              "price": 7000.0,
              "programmer_hours": 0.0,
              "marketer_hours": 4.0,
              "smm_hours": 0.0
            },
            {
              "name": "Дизайн постов (4 шт)",
              "price": 9000.0,
              "programmer_hours": 0.0,
              "marketer_hours": 0.0,
              "smm_hours": 6.0
            },
            {
              "name": "Написание постов (4 шт)",
              "price": 7000.0,
              "programmer_hours": 0.0,
              "marketer_hours": 4.0,
              "smm_hours": 0.0
            },
            {
              "name": "Целевая страница ВК",
              "price": 10000.0,
              "programmer_hours": 0.0,
              "marketer_hours": 0.0,
              "smm_hours": 0.0
            },
            {
              "name": "Анализ аудитории ВК",
              "price": 9000.0,
              "programmer_hours": 0.0,
              "marketer_hours": 4.0,
              "smm_hours": 2.0
            }
          ],
          "total_price": 50000.0
        }
      ]
    },
    "region": "Санкт-Петербург",
    "comment": "",
    "assigned_programmer": null,
    "assigned_marketer": 3,
    "assigned_smm": 4,
    "assigned_manager": 5,
    "programmer_hours": "0.0",
    "marketer_hours": "12.0",
    "smm_hours": "13.0"
  }
},
{
  "model": "orders.order",
  "pk": 19,
  "fields": {
    "client": 2,
    "status": "new",
    "created_at": "2026-05-20T00:59:11.185",
    "total_price": "50000.00",
    "services_data": {
      "items": [
        {
          "type": "custom",
          "package_name": "Продвижение ВКонтакте",
          "services": [
            {
              "name": "Таргет ВКонтакте",
              "price": 8000.0,
              "programmer_hours": 0.0,
              "marketer_hours": 0.0,
              "smm_hours": 5.0
            },
            {
              "name": "Контент-план (1 месяц)",
              "price": 7000.0,
              "programmer_hours": 0.0,
              "marketer_hours": 4.0,
              "smm_hours": 0.0
            },
            {
              "name": "Дизайн постов (4 шт)",
              "price": 9000.0,
              "programmer_hours": 0.0,
              "marketer_hours": 0.0,
              "smm_hours": 6.0
            },
            {
              "name": "Написание постов (4 шт)",
              "price": 7000.0,
              "programmer_hours": 0.0,
              "marketer_hours": 4.0,
              "smm_hours": 0.0
            },
            {
              "name": "Целевая страница ВК",
              "price": 10000.0,
              "programmer_hours": 0.0,
              "marketer_hours": 0.0,
              "smm_hours": 0.0
            },
            {
              "name": "Анализ аудитории ВК",
              "price": 9000.0,
              "programmer_hours": 0.0,
              "marketer_hours": 4.0,
              "smm_hours": 2.0
            }
          ],
          "total_price": 50000.0
        }
      ]
    },
    "region": "Алтай",
    "comment": "",
    "assigned_programmer": null,
    "assigned_marketer": 3,
    "assigned_smm": 4,
    "assigned_manager": 5,
    "programmer_hours": "0.0",
    "marketer_hours": "12.0",
    "smm_hours": "13.0"
  }
},
{
  "model": "chat.chatmessage",
  "pk": 1,
  "fields": {
    "order": 14,
    "sender": 5,
    "message": "🔄 Переназначен smm на Волкова Анастасия Романовна",
    "created_at": "2026-05-19T23:24:09.151",
    "is_read": false
  }
},
{
  "model": "chat.chatmessage",
  "pk": 2,
  "fields": {
    "order": 14,
    "sender": 5,
    "message": "🔄 Переназначен smm на Сидорова Екатерина Павловна",
    "created_at": "2026-05-19T23:24:18.144",
    "is_read": false
  }
},
{
  "model": "chat.chatmessage",
  "pk": 3,
  "fields": {
    "order": 16,
    "sender": 5,
    "message": "🔄 Переназначен smm на Волкова Анастасия Романовна",
    "created_at": "2026-05-19T23:25:11.357",
    "is_read": false
  }
},
{
  "model": "chat.chatmessage",
  "pk": 4,
  "fields": {
    "order": 14,
    "sender": 5,
    "message": "🔄 Переназначен smm на Волкова Анастасия Романовна",
    "created_at": "2026-05-19T23:45:56.831",
    "is_read": false
  }
}
]
