[
{
  "model": "users.user",
  "pk": 1,
  "fields": {
    "password": "pbkdf2_sha256$1200000$V9p3sbRwnrlgRAgwZ7z8fu$BieZ3RV6O15OEo/kcmsquUC97nsDubP3znzICs0+8aY=",
    "last_login": "2026-05-20T19:51:01",
    "is_superuser": true,
    "username": "admin",
    "first_name": "Эмиль",
    "last_name": "Борисов",
    "email": "admin@example.com",
    "is_staff": true,
    "is_active": true,
    "date_joined": "2026-05-16T20:13:09",
    "role": "admin",
    "max_hours": 45,
    "phone": "+79991234567",
    "role_link": 3,
    "groups": [],
    "user_permissions": [
      1,
      2,
      3,
      4,
      9,
      10,
      11,
      12,
      5,
      6,
      7,
      8,
      45,
      46,
      47,
      48,
      53,
      54,
      55,
      56,
      13,
      14,
      15,
      16,
      37,
      38,
      39,
      40,
      41,
      42,
      43,
      44,
      25,
      26,
      27,
      28,
      29,
      30,
      31,
      32,
      33,
      34,
      35,
      36,
      17,
      18,
      19,
      20,
      49,
      50,
      51,
      52,
      21,
      22,
      23,
      24
    ]
  }
},
{
  "model": "users.user",
  "pk": 2,
  "fields": {
    "password": "pbkdf2_sha256$1200000$ycPalIz14yH7CelyuS74bW$sTpHrhKdmatNuy6AzpgpmHz4KZ1nUrndHHYdPZE5bXM=",
    "last_login": "2026-05-20T21:00:56.478",
    "is_superuser": false,
    "username": "Иванов Иван Иванович",
    "first_name": "Иван",
    "last_name": "Иванов",
    "email": "ivanov@example.com",
    "is_staff": false,
    "is_active": true,
    "date_joined": "2026-05-16T20:21:13.005",
    "role": "client",
    "max_hours": 45,
    "phone": "+79991234568",
    "role_link": 3,
    "groups": [],
    "user_permissions": []
  }
},
{
  "model": "users.user",
  "pk": 3,
  "fields": {
    "password": "pbkdf2_sha256$1200000$si7ajy0LbJTynea3PyDDYg$lFowj70m0x/8ecjlQ6OUVoRHWhU4K65QLyleInSQcEM=",
    "last_login": "2026-05-20T18:41:15.043",
    "is_superuser": false,
    "username": "Петрова Анна Сергеевна",
    "first_name": "Анна",
    "last_name": "Петрова",
    "email": "petrova@example.com",
    "is_staff": true,
    "is_active": true,
    "date_joined": "2026-05-16T20:21:14.317",
    "role": "marketer",
    "max_hours": 45,
    "phone": "+79991234569",
    "role_link": 5,
    "groups": [],
    "user_permissions": []
  }
},
{
  "model": "users.user",
  "pk": 4,
  "fields": {
    "password": "pbkdf2_sha256$1200000$BMi8nCXLdW9METLgvsJWXC$sD45HhltOpuWPngFJqK8K+F0sRMWt8iTivty31wNHwY=",
    "last_login": "2026-05-20T20:43:01.057",
    "is_superuser": false,
    "username": "Сидорова Екатерина Павловна",
    "first_name": "Екатерина",
    "last_name": "Сидорова",
    "email": "sidorova@example.com",
    "is_staff": true,
    "is_active": true,
    "date_joined": "2026-05-16T20:21:16.703",
    "role": "smm",
    "max_hours": 45,
    "phone": "+79991234570",
    "role_link": 6,
    "groups": [],
    "user_permissions": []
  }
},
{
  "model": "users.user",
  "pk": 5,
  "fields": {
    "password": "pbkdf2_sha256$1200000$HbIL9JjDRXmUuhz46T4EXj$c2CI4OzeSRNstXAbX1WDEWCE253phnnyLKqiwYVn240=",
    "last_login": "2026-05-20T21:27:30.023",
    "is_superuser": false,
    "username": "Смирнов Алексей Владимирович",
    "first_name": "Алексей",
    "last_name": "Смирнов",
    "email": "smirnov@example.com",
    "is_staff": true,
    "is_active": true,
    "date_joined": "2026-05-16T20:21:19.654",
    "role": "manager",
    "max_hours": 45,
    "phone": "+79991234571",
    "role_link": 2,
    "groups": [],
    "user_permissions": []
  }
},
{
  "model": "users.user",
  "pk": 6,
  "fields": {
    "password": "pbkdf2_sha256$1200000$mGhAHl0gSkN3gYIVDsvNRN$gnKKaUsDhFFNd7fZ5Sq8Jw+okiHT/YRefnwIimutatU=",
    "last_login": "2026-05-20T18:00:26.677",
    "is_superuser": false,
    "username": "Кузнецов Дмитрий Алексеевич",
    "first_name": "Дмитрий",
    "last_name": "Кузнецов",
    "email": "kuznetsov@example.com",
    "is_staff": true,
    "is_active": true,
    "date_joined": "2026-05-16T20:21:20.924",
    "role": "programmer",
    "max_hours": 45,
    "phone": "+79991234572",
    "role_link": 4,
    "groups": [],
    "user_permissions": []
  }
},
{
  "model": "users.user",
  "pk": 7,
  "fields": {
    "password": "pbkdf2_sha256$1200000$h1w4TxzynYQXWPijRUB6lG$QHaE1+VH6es5GxaXSmbQGGcOhecb9PaHTAV2E5HKXMY=",
    "last_login": null,
    "is_superuser": false,
    "username": "Козлов Дмитрий Игоревич",
    "first_name": "Дмитрий",
    "last_name": "Козлов",
    "email": "kozlov@example.com",
    "is_staff": false,
    "is_active": true,
    "date_joined": "2026-05-16T20:21:23.453",
    "role": "client",
    "max_hours": 45,
    "phone": "+79991234573",
    "role_link": 3,
    "groups": [],
    "user_permissions": []
  }
},
{
  "model": "users.user",
  "pk": 8,
  "fields": {
    "password": "pbkdf2_sha256$1200000$mw4c45SuhnI5ekufh0Va0e$oqCeMEUR2fyimIxutOeufCOVAbsAbawbj3gjLNXTekM=",
    "last_login": null,
    "is_superuser": false,
    "username": "Морозова Елена Викторовна",
    "first_name": "Елена",
    "last_name": "Морозова",
    "email": "morozova@example.com",
    "is_staff": true,
    "is_active": true,
    "date_joined": "2026-05-16T20:21:25.222",
    "role": "marketer",
    "max_hours": 45,
    "phone": "+79991234574",
    "role_link": 5,
    "groups": [],
    "user_permissions": []
  }
},
{
  "model": "users.user",
  "pk": 9,
  "fields": {
    "password": "pbkdf2_sha256$1200000$FSDpjNSkxxaHJM2yJgYtX9$+iYj1sUr4Vp3YRTFVLmntkakRdkiUfcddq29Q85CPUg=",
    "last_login": "2026-05-20T22:04:41.362",
    "is_superuser": false,
    "username": "Волкова Анастасия Романовна",
    "first_name": "Анастасия",
    "last_name": "Волкова",
    "email": "volkova@example.com",
    "is_staff": true,
    "is_active": true,
    "date_joined": "2026-05-16T20:21:27.285",
    "role": "smm",
    "max_hours": 45,
    "phone": "+79991234575",
    "role_link": 6,
    "groups": [],
    "user_permissions": []
  }
},
{
  "model": "users.user",
  "pk": 10,
  "fields": {
    "password": "pbkdf2_sha256$1200000$jjYh9ACShxlwo96fhrsZIU$IvEhfpimpe0caZw8p7MYoFPCGsugkvhb6ebYEtiZ7pA=",
    "last_login": "2026-05-20T22:07:58.121",
    "is_superuser": false,
    "username": "Новиков Павел Андреевич",
    "first_name": "Павел",
    "last_name": "Новиков",
    "email": "novikov@example.com",
    "is_staff": true,
    "is_active": true,
    "date_joined": "2026-05-16T20:21:28.453",
    "role": "manager",
    "max_hours": 45,
    "phone": "+79991234576",
    "role_link": 2,
    "groups": [],
    "user_permissions": []
  }
},
{
  "model": "users.user",
  "pk": 11,
  "fields": {
    "password": "pbkdf2_sha256$1200000$3QcPGMYWU0v1jAY1IriZy9$S7tuyrh5G/mJZ2zi5JOLnv5jIIN1fa8DBr19is7RKuQ=",
    "last_login": null,
    "is_superuser": false,
    "username": "Соколов Илья Денисович",
    "first_name": "Илья",
    "last_name": "Соколов",
    "email": "sokolov@example.com",
    "is_staff": true,
    "is_active": true,
    "date_joined": "2026-05-16T20:21:30.168",
    "role": "programmer",
    "max_hours": 45,
    "phone": "+79991234577",
    "role_link": 4,
    "groups": [],
    "user_permissions": []
  }
},
{
  "model": "users.user",
  "pk": 12,
  "fields": {
    "password": "pbkdf2_sha256$1200000$LzKcm3BmHPbacRI5NWWrzW$s4RGuxb9dImiFf13EtErFZ1eM7xi+Ig4C1k7mRbmiJU=",
    "last_login": "2026-05-20T21:01:22.394",
    "is_superuser": false,
    "username": "emilsttop",
    "first_name": "Эмиль",
    "last_name": "Борисов",
    "email": "publik.emil@gmail.com",
    "is_staff": false,
    "is_active": true,
    "date_joined": "2026-05-20T03:16:53.753",
    "role": "client",
    "max_hours": 45,
    "phone": "+79956834730",
    "role_link": 3,
    "groups": [],
    "user_permissions": []
  }
},
{
  "model": "users.user",
  "pk": 13,
  "fields": {
    "password": "pbkdf2_sha256$1200000$eWpXcC1J1mnX168YDM0VRN$hmnHSSgu7KZjKtjaurdH4TfJx8WV5/6M0pX3tXPoj74=",
    "last_login": "2026-05-20T22:11:26.263",
    "is_superuser": false,
    "username": "client1",
    "first_name": "Илья",
    "last_name": "Тестовов",
    "email": "testovov@mail.ru",
    "is_staff": false,
    "is_active": true,
    "date_joined": "2026-05-20T22:11:24.748",
    "role": "client",
    "max_hours": 45,
    "phone": "+79525164894",
    "role_link": null,
    "groups": [],
    "user_permissions": []
  }
},
{
  "model": "users.role",
  "pk": 1,
  "fields": {
    "name": "Администратор",
    "code": "admin",
    "description": "Полный доступ"
  }
},
{
  "model": "users.role",
  "pk": 2,
  "fields": {
    "name": "Менеджер",
    "code": "manager",
    "description": "Управление заказами и аналитика"
  }
},
{
  "model": "users.role",
  "pk": 3,
  "fields": {
    "name": "Клиент",
    "code": "client",
    "description": "Просмотр и создание заказов"
  }
},
{
  "model": "users.role",
  "pk": 4,
  "fields": {
    "name": "Программист",
    "code": "programmer",
    "description": "Выполнение технических задач"
  }
},
{
  "model": "users.role",
  "pk": 5,
  "fields": {
    "name": "Маркетолог",
    "code": "marketer",
    "description": "Маркетинговые задачи"
  }
},
{
  "model": "users.role",
  "pk": 6,
  "fields": {
    "name": "SMM-менеджер",
    "code": "smm",
    "description": "Ведение социальных сетей"
  }
},
{
  "model": "services.servicepackage",
  "pk": 27,
  "fields": {
    "name": "Вконтакте (ВК)",
    "description": "Комплексное продвижение бренда в социальной сети ВКонтакте: таргетинг, контент, аналитика.",
    "icon": "📦",
    "min_services": 1,
    "max_services": 6,
    "is_active": true,
    "sort_order": 0,
    "available_services": [
      34,
      35,
      36,
      37,
      38,
      101
    ]
  }
},
{
  "model": "services.servicepackage",
  "pk": 28,
  "fields": {
    "name": "Одноклассники (OK)",
    "description": "Продвижение в Одноклассниках: таргет, создание группы, парсинг участников.",
    "icon": "📦",
    "min_services": 1,
    "max_services": 6,
    "is_active": true,
    "sort_order": 0,
    "available_services": [
      40,
      41,
      42,
      43,
      44,
      45
    ]
  }
},
{
  "model": "services.servicepackage",
  "pk": 29,
  "fields": {
    "name": "Email-маркетинг",
    "description": "Настройка email-рассылок, воронок, персонализация писем и A/B тестирование.",
    "icon": "📦",
    "min_services": 1,
    "max_services": 6,
    "is_active": true,
    "sort_order": 0,
    "available_services": [
      46,
      47,
      48,
      49,
      50,
      51
    ]
  }
},
{
  "model": "services.servicepackage",
  "pk": 30,
  "fields": {
    "name": "Сайт‑визитка",
    "description": "Создание сайта-визитки с адаптивом, формами связи и SEO-базой.",
    "icon": "📦",
    "min_services": 1,
    "max_services": 6,
    "is_active": true,
    "sort_order": 0,
    "available_services": [
      52,
      53,
      54,
      55,
      56,
      57
    ]
  }
},
{
  "model": "services.servicepackage",
  "pk": 31,
  "fields": {
    "name": "Яндекс.Директ",
    "description": "Настройка контекстной рекламы в Яндексе: ключевые слова, медийная реклама, ремаркетинг.",
    "icon": "📦",
    "min_services": 1,
    "max_services": 6,
    "is_active": true,
    "sort_order": 0,
    "available_services": [
      58,
      59,
      60,
      61,
      62,
      63
    ]
  }
},
{
  "model": "services.servicepackage",
  "pk": 32,
  "fields": {
    "name": "Видеомаркетинг",
    "description": "Создание и продвижение видео: субтитры, трендовое аудио, сплит-тесты обложек.",
    "icon": "📦",
    "min_services": 1,
    "max_services": 6,
    "is_active": true,
    "sort_order": 0,
    "available_services": [
      64,
      65,
      66,
      67,
      68,
      69
    ]
  }
},
{
  "model": "services.servicepackage",
  "pk": 33,
  "fields": {
    "name": "Интернет‑магазин",
    "description": "Полный цикл создания интернет-магазина: фиды, купоны, умный поиск, онлайн-чат.",
    "icon": "📦",
    "min_services": 1,
    "max_services": 6,
    "is_active": true,
    "sort_order": 0,
    "available_services": [
      70,
      71,
      72,
      73,
      74,
      75
    ]
  }
},
{
  "model": "services.servicepackage",
  "pk": 34,
  "fields": {
    "name": "SEO-оптимизация",
    "description": "Внутренняя и внешняя оптимизация: микроразметка, скорость загрузки, перелинковка.",
    "icon": "📦",
    "min_services": 1,
    "max_services": 6,
    "is_active": true,
    "sort_order": 0,
    "available_services": [
      76,
      77,
      78,
      79,
      80,
      81
    ]
  }
},
{
  "model": "services.servicepackage",
  "pk": 35,
  "fields": {
    "name": "Глубокая аналитика",
    "description": "Аналитика данных: модели атрибуции, LTV, ABC-анализ, дашборды.",
    "icon": "📦",
    "min_services": 1,
    "max_services": 6,
    "is_active": true,
    "sort_order": 0,
    "available_services": [
      92,
      93,
      94,
      95,
      96,
      97
    ]
  }
},
{
  "model": "services.servicepackage",
  "pk": 36,
  "fields": {
    "name": "Дизайн и брендинг",
    "description": "Разработка фирменного стиля: инфографика, стикерпаки, маскоты, презентации.",
    "icon": "📦",
    "min_services": 1,
    "max_services": 6,
    "is_active": true,
    "sort_order": 0,
    "available_services": [
      86,
      87,
      88,
      89,
      90,
      91
    ]
  }
},
{
  "model": "services.servicepackage",
  "pk": 37,
  "fields": {
    "name": "Чат-боты",
    "description": "Разработка чат-ботов для Telegram, продвижение в VK, сбор отзывов.",
    "icon": "📦",
    "min_services": 1,
    "max_services": 6,
    "is_active": true,
    "sort_order": 0,
    "available_services": [
      85,
      98,
      99,
      100,
      102,
      103
    ]
  }
},
{
  "model": "services.servicepackage",
  "pk": 39,
  "fields": {
    "name": "Конструктор услуг",
    "description": "Соберите индивидуальный пакет из любых услуг под ваши задачи.",
    "icon": "🛠️",
    "min_services": 1,
    "max_services": 66,
    "is_active": true,
    "sort_order": 0,
    "available_services": [
      34,
      35,
      36,
      37,
      38,
      40,
      41,
      42,
      43,
      44,
      45,
      46,
      47,
      48,
      49,
      50,
      51,
      52,
      53,
      54,
      55,
      56,
      57,
      58,
      59,
      60,
      61,
      62,
      63,
      64,
      65,
      66,
      67,
      68,
      69,
      70,
      71,
      72,
      73,
      74,
      75,
      76,
      77,
      78,
      79,
      80,
      81,
      85,
      86,
      87,
      88,
      89,
      90,
      91,
      92,
      93,
      94,
      95,
      96,
      97,
      98,
      99,
      100,
      101,
      102,
      103
    ]
  }
},
{
  "model": "services.service",
  "pk": 34,
  "fields": {
    "name": "Таргет ВКонтакте",
    "description": "",
    "price": "8000.00",
    "programmer_hours": "0.0",
    "marketer_hours": "0.0",
    "smm_hours": "5.0"
  }
},
{
  "model": "services.service",
  "pk": 35,
  "fields": {
    "name": "Контент-план (1 месяц)",
    "description": "",
    "price": "7000.00",
    "programmer_hours": "0.0",
    "marketer_hours": "4.0",
    "smm_hours": "0.0"
  }
},
{
  "model": "services.service",
  "pk": 36,
  "fields": {
    "name": "Дизайн постов (4 шт)",
    "description": "",
    "price": "9000.00",
    "programmer_hours": "0.0",
    "marketer_hours": "0.0",
    "smm_hours": "6.0"
  }
},
{
  "model": "services.service",
  "pk": 37,
  "fields": {
    "name": "Написание постов (4 шт)",
    "description": "",
    "price": "7000.00",
    "programmer_hours": "0.0",
    "marketer_hours": "4.0",
    "smm_hours": "0.0"
  }
},
{
  "model": "services.service",
  "pk": 38,
  "fields": {
    "name": "Целевая страница ВК",
    "description": "",
    "price": "10000.00",
    "programmer_hours": "0.0",
    "marketer_hours": "1.0",
    "smm_hours": "3.0"
  }
},
{
  "model": "services.service",
  "pk": 40,
  "fields": {
    "name": "Таргет OK (до 18+)",
    "description": "",
    "price": "7500.00",
    "programmer_hours": "0.0",
    "marketer_hours": "1.0",
    "smm_hours": "3.0"
  }
},
{
  "model": "services.service",
  "pk": 41,
  "fields": {
    "name": "Создание группы OK с нуля",
    "description": "",
    "price": "6000.00",
    "programmer_hours": "0.0",
    "marketer_hours": "1.0",
    "smm_hours": "3.0"
  }
},
{
  "model": "services.service",
  "pk": 42,
  "fields": {
    "name": "Парсинг участников групп",
    "description": "",
    "price": "6500.00",
    "programmer_hours": "2.0",
    "marketer_hours": "2.0",
    "smm_hours": "0.0"
  }
},
{
  "model": "services.service",
  "pk": 43,
  "fields": {
    "name": "Видеопост в OK",
    "description": "",
    "price": "8000.00",
    "programmer_hours": "0.0",
    "marketer_hours": "1.0",
    "smm_hours": "3.0"
  }
},
{
  "model": "services.service",
  "pk": 44,
  "fields": {
    "name": "Оформление виджетов OK",
    "description": "",
    "price": "5500.00",
    "programmer_hours": "0.0",
    "marketer_hours": "1.0",
    "smm_hours": "3.0"
  }
},
{
  "model": "services.service",
  "pk": 45,
  "fields": {
    "name": "Конкурсы и розыгрыши OK",
    "description": "",
    "price": "7000.00",
    "programmer_hours": "0.0",
    "marketer_hours": "1.0",
    "smm_hours": "3.0"
  }
},
{
  "model": "services.service",
  "pk": 46,
  "fields": {
    "name": "Настройка автоворонки",
    "description": "",
    "price": "15000.00",
    "programmer_hours": "3.0",
    "marketer_hours": "5.0",
    "smm_hours": "0.0"
  }
},
{
  "model": "services.service",
  "pk": 47,
  "fields": {
    "name": "A/B тест тем писем",
    "description": "",
    "price": "6000.00",
    "programmer_hours": "2.0",
    "marketer_hours": "2.0",
    "smm_hours": "0.0"
  }
},
{
  "model": "services.service",
  "pk": 48,
  "fields": {
    "name": "Тепловая карта переходов",
    "description": "",
    "price": "5500.00",
    "programmer_hours": "2.0",
    "marketer_hours": "2.0",
    "smm_hours": "0.0"
  }
},
{
  "model": "services.service",
  "pk": 49,
  "fields": {
    "name": "Персонализация писем",
    "description": "",
    "price": "6500.00",
    "programmer_hours": "2.0",
    "marketer_hours": "2.0",
    "smm_hours": "0.0"
  }
},
{
  "model": "services.service",
  "pk": 50,
  "fields": {
    "name": "Восстановление брошенных корзин",
    "description": "",
    "price": "7000.00",
    "programmer_hours": "2.0",
    "marketer_hours": "2.0",
    "smm_hours": "0.0"
  }
},
{
  "model": "services.service",
  "pk": 51,
  "fields": {
    "name": "Регистрация домена для писем",
    "description": "",
    "price": "5000.00",
    "programmer_hours": "2.0",
    "marketer_hours": "2.0",
    "smm_hours": "0.0"
  }
},
{
  "model": "services.service",
  "pk": 52,
  "fields": {
    "name": "Создание сайта на конструкторе",
    "description": "",
    "price": "20000.00",
    "programmer_hours": "10.0",
    "marketer_hours": "0.0",
    "smm_hours": "0.0"
  }
},
{
  "model": "services.service",
  "pk": 53,
  "fields": {
    "name": "SSL-сертификат",
    "description": "",
    "price": "5000.00",
    "programmer_hours": "2.0",
    "marketer_hours": "2.0",
    "smm_hours": "0.0"
  }
},
{
  "model": "services.service",
  "pk": 54,
  "fields": {
    "name": "Адаптация под планшеты",
    "description": "",
    "price": "6000.00",
    "programmer_hours": "5.0",
    "marketer_hours": "0.0",
    "smm_hours": "0.0"
  }
},
{
  "model": "services.service",
  "pk": 55,
  "fields": {
    "name": "Форма обратной связи",
    "description": "",
    "price": "5500.00",
    "programmer_hours": "2.0",
    "marketer_hours": "2.0",
    "smm_hours": "0.0"
  }
},
{
  "model": "services.service",
  "pk": 56,
  "fields": {
    "name": "Карта проезда",
    "description": "",
    "price": "5000.00",
    "programmer_hours": "2.0",
    "marketer_hours": "2.0",
    "smm_hours": "0.0"
  }
},
{
  "model": "services.service",
  "pk": 57,
  "fields": {
    "name": "Сбор ключевых слов для продвижения",
    "description": "",
    "price": "7000.00",
    "programmer_hours": "2.0",
    "marketer_hours": "2.0",
    "smm_hours": "0.0"
  }
},
{
  "model": "services.service",
  "pk": 58,
  "fields": {
    "name": "Ключевые запросы с минус‑словами",
    "description": "",
    "price": "8000.00",
    "programmer_hours": "0.0",
    "marketer_hours": "6.0",
    "smm_hours": "0.0"
  }
},
{
  "model": "services.service",
  "pk": 59,
  "fields": {
    "name": "Медийная кампания (баннеры)",
    "description": "",
    "price": "10000.00",
    "programmer_hours": "2.0",
    "marketer_hours": "2.0",
    "smm_hours": "0.0"
  }
},
{
  "model": "services.service",
  "pk": 60,
  "fields": {
    "name": "Ремаркетинг по сценариям",
    "description": "",
    "price": "9000.00",
    "programmer_hours": "2.0",
    "marketer_hours": "2.0",
    "smm_hours": "0.0"
  }
},
{
  "model": "services.service",
  "pk": 61,
  "fields": {
    "name": "Динамические объявления",
    "description": "",
    "price": "8500.00",
    "programmer_hours": "2.0",
    "marketer_hours": "2.0",
    "smm_hours": "0.0"
  }
},
{
  "model": "services.service",
  "pk": 62,
  "fields": {
    "name": "Расширение «Уточнение»",
    "description": "",
    "price": "5500.00",
    "programmer_hours": "2.0",
    "marketer_hours": "2.0",
    "smm_hours": "0.0"
  }
},
{
  "model": "services.service",
  "pk": 63,
  "fields": {
    "name": "Автостратегия «Конверсии»",
    "description": "",
    "price": "12000.00",
    "programmer_hours": "2.0",
    "marketer_hours": "2.0",
    "smm_hours": "0.0"
  }
},
{
  "model": "services.service",
  "pk": 64,
  "fields": {
    "name": "Редактор субтитров для видео",
    "description": "",
    "price": "7000.00",
    "programmer_hours": "0.0",
    "marketer_hours": "0.0",
    "smm_hours": "4.0"
  }
},
{
  "model": "services.service",
  "pk": 65,
  "fields": {
    "name": "Подбор трендового аудио",
    "description": "",
    "price": "5000.00",
    "programmer_hours": "1.0",
    "marketer_hours": "0.0",
    "smm_hours": "3.0"
  }
},
{
  "model": "services.service",
  "pk": 66,
  "fields": {
    "name": "Сплит‑тест обложек",
    "description": "",
    "price": "6000.00",
    "programmer_hours": "2.0",
    "marketer_hours": "2.0",
    "smm_hours": "0.0"
  }
},
{
  "model": "services.service",
  "pk": 67,
  "fields": {
    "name": "Запись видеоролика со спикером",
    "description": "",
    "price": "12000.00",
    "programmer_hours": "1.0",
    "marketer_hours": "0.0",
    "smm_hours": "3.0"
  }
},
{
  "model": "services.service",
  "pk": 68,
  "fields": {
    "name": "Замена фона в видео",
    "description": "",
    "price": "6500.00",
    "programmer_hours": "1.0",
    "marketer_hours": "0.0",
    "smm_hours": "3.0"
  }
},
{
  "model": "services.service",
  "pk": 69,
  "fields": {
    "name": "Публикация по таймеру",
    "description": "",
    "price": "5000.00",
    "programmer_hours": "2.0",
    "marketer_hours": "2.0",
    "smm_hours": "0.0"
  }
},
{
  "model": "services.service",
  "pk": 70,
  "fields": {
    "name": "Выгрузка товаров на маркетплейсы",
    "description": "",
    "price": "15000.00",
    "programmer_hours": "8.0",
    "marketer_hours": "0.0",
    "smm_hours": "0.0"
  }
},
{
  "model": "services.service",
  "pk": 71,
  "fields": {
    "name": "Настройка купонов и скидок",
    "description": "",
    "price": "8000.00",
    "programmer_hours": "2.0",
    "marketer_hours": "2.0",
    "smm_hours": "0.0"
  }
},
{
  "model": "services.service",
  "pk": 72,
  "fields": {
    "name": "Умный поиск + фильтры",
    "description": "",
    "price": "10000.00",
    "programmer_hours": "2.0",
    "marketer_hours": "2.0",
    "smm_hours": "0.0"
  }
},
{
  "model": "services.service",
  "pk": 73,
  "fields": {
    "name": "Блок «с этим товаром покупают»",
    "description": "",
    "price": "7000.00",
    "programmer_hours": "2.0",
    "marketer_hours": "2.0",
    "smm_hours": "0.0"
  }
},
{
  "model": "services.service",
  "pk": 74,
  "fields": {
    "name": "Чат с поддержкой на сайте",
    "description": "",
    "price": "6000.00",
    "programmer_hours": "4.0",
    "marketer_hours": "2.0",
    "smm_hours": "2.0"
  }
},
{
  "model": "services.service",
  "pk": 75,
  "fields": {
    "name": "Привязка склада (Excel-импорт)",
    "description": "",
    "price": "9000.00",
    "programmer_hours": "2.0",
    "marketer_hours": "2.0",
    "smm_hours": "0.0"
  }
},
{
  "model": "services.service",
  "pk": 76,
  "fields": {
    "name": "Улучшение отображения сайта в поиске",
    "description": "",
    "price": "10000.00",
    "programmer_hours": "5.0",
    "marketer_hours": "0.0",
    "smm_hours": "0.0"
  }
},
{
  "model": "services.service",
  "pk": 77,
  "fields": {
    "name": "Ускорение загрузки картинок",
    "description": "",
    "price": "6000.00",
    "programmer_hours": "2.0",
    "marketer_hours": "2.0",
    "smm_hours": "0.0"
  }
},
{
  "model": "services.service",
  "pk": 78,
  "fields": {
    "name": "Проверка скорости сайта",
    "description": "",
    "price": "8000.00",
    "programmer_hours": "5.0",
    "marketer_hours": "0.0",
    "smm_hours": "0.0"
  }
},
{
  "model": "services.service",
  "pk": 79,
  "fields": {
    "name": "Связывание страниц сайта",
    "description": "",
    "price": "7000.00",
    "programmer_hours": "5.0",
    "marketer_hours": "0.0",
    "smm_hours": "0.0"
  }
},
{
  "model": "services.service",
  "pk": 80,
  "fields": {
    "name": "Быстрое добавление страниц в поиск",
    "description": "",
    "price": "6500.00",
    "programmer_hours": "2.0",
    "marketer_hours": "2.0",
    "smm_hours": "0.0"
  }
},
{
  "model": "services.service",
  "pk": 81,
  "fields": {
    "name": "Технический аудит сайта (поиск ошибок)",
    "description": "",
    "price": "12000.00",
    "programmer_hours": "5.0",
    "marketer_hours": "0.0",
    "smm_hours": "0.0"
  }
},
{
  "model": "services.service",
  "pk": 85,
  "fields": {
    "name": "Ретаргетинг",
    "description": "",
    "price": "7500.00",
    "programmer_hours": "0.0",
    "marketer_hours": "1.0",
    "smm_hours": "3.0"
  }
},
{
  "model": "services.service",
  "pk": 86,
  "fields": {
    "name": "Дизайн инфографики",
    "description": "",
    "price": "9000.00",
    "programmer_hours": "0.0",
    "marketer_hours": "0.0",
    "smm_hours": "5.0"
  }
},
{
  "model": "services.service",
  "pk": 87,
  "fields": {
    "name": "Создание стикерпака",
    "description": "",
    "price": "7000.00",
    "programmer_hours": "0.0",
    "marketer_hours": "0.0",
    "smm_hours": "3.0"
  }
},
{
  "model": "services.service",
  "pk": 88,
  "fields": {
    "name": "Маскот / персонаж бренда",
    "description": "",
    "price": "12000.00",
    "programmer_hours": "0.0",
    "marketer_hours": "0.0",
    "smm_hours": "3.0"
  }
},
{
  "model": "services.service",
  "pk": 89,
  "fields": {
    "name": "Презентация PowerPoint (10 слайдов)",
    "description": "",
    "price": "10000.00",
    "programmer_hours": "0.0",
    "marketer_hours": "0.0",
    "smm_hours": "3.0"
  }
},
{
  "model": "services.service",
  "pk": 90,
  "fields": {
    "name": "Серия обоев для телефона",
    "description": "",
    "price": "5000.00",
    "programmer_hours": "2.0",
    "marketer_hours": "2.0",
    "smm_hours": "0.0"
  }
},
{
  "model": "services.service",
  "pk": 91,
  "fields": {
    "name": "Красивая подпись к видео",
    "description": "",
    "price": "8000.00",
    "programmer_hours": "1.0",
    "marketer_hours": "0.0",
    "smm_hours": "3.0"
  }
},
{
  "model": "services.service",
  "pk": 92,
  "fields": {
    "name": "Анализ источников продаж",
    "description": "",
    "price": "15000.00",
    "programmer_hours": "4.0",
    "marketer_hours": "3.0",
    "smm_hours": "0.0"
  }
},
{
  "model": "services.service",
  "pk": 93,
  "fields": {
    "name": "Анализ LTV клиента",
    "description": "",
    "price": "10000.00",
    "programmer_hours": "2.0",
    "marketer_hours": "4.0",
    "smm_hours": "0.0"
  }
},
{
  "model": "services.service",
  "pk": 94,
  "fields": {
    "name": "ABC‑анализ товаров",
    "description": "",
    "price": "8000.00",
    "programmer_hours": "2.0",
    "marketer_hours": "4.0",
    "smm_hours": "0.0"
  }
},
{
  "model": "services.service",
  "pk": 95,
  "fields": {
    "name": "UTM‑менеджер (билдер)",
    "description": "",
    "price": "6000.00",
    "programmer_hours": "2.0",
    "marketer_hours": "4.0",
    "smm_hours": "0.0"
  }
},
{
  "model": "services.service",
  "pk": 96,
  "fields": {
    "name": "Визуальный отчёт по рекламе",
    "description": "",
    "price": "12000.00",
    "programmer_hours": "2.0",
    "marketer_hours": "4.0",
    "smm_hours": "0.0"
  }
},
{
  "model": "services.service",
  "pk": 97,
  "fields": {
    "name": "Прогноз оттока клиентов",
    "description": "",
    "price": "10000.00",
    "programmer_hours": "2.0",
    "marketer_hours": "2.0",
    "smm_hours": "0.0"
  }
},
{
  "model": "services.service",
  "pk": 98,
  "fields": {
    "name": "Раскрутка сообщества ВКонтакте",
    "description": "",
    "price": "8000.00",
    "programmer_hours": "0.0",
    "marketer_hours": "2.0",
    "smm_hours": "6.0"
  }
},
{
  "model": "services.service",
  "pk": 99,
  "fields": {
    "name": "Чат-бот для Telegram",
    "description": "",
    "price": "12000.00",
    "programmer_hours": "4.0",
    "marketer_hours": "2.0",
    "smm_hours": "2.0"
  }
},
{
  "model": "services.service",
  "pk": 100,
  "fields": {
    "name": "Яндекс.Бизнес (Профиль)",
    "description": "",
    "price": "7000.00",
    "programmer_hours": "0.0",
    "marketer_hours": "3.0",
    "smm_hours": "3.0"
  }
},
{
  "model": "services.service",
  "pk": 101,
  "fields": {
    "name": "Анализ аудитории ВК",
    "description": "",
    "price": "9000.00",
    "programmer_hours": "0.0",
    "marketer_hours": "4.0",
    "smm_hours": "2.0"
  }
},
{
  "model": "services.service",
  "pk": 102,
  "fields": {
    "name": "Таргет ВКонтакте (расширенный)",
    "description": "",
    "price": "10000.00",
    "programmer_hours": "0.0",
    "marketer_hours": "1.0",
    "smm_hours": "7.0"
  }
},
{
  "model": "services.service",
  "pk": 103,
  "fields": {
    "name": "Сбор отзывов на Яндекс.Картах",
    "description": "",
    "price": "6000.00",
    "programmer_hours": "0.0",
    "marketer_hours": "4.0",
    "smm_hours": "0.0"
  }
},
{
  "model": "orders.order",
  "pk": 1,
  "fields": {
    "client": 12,
    "status": "completed",
    "created_at": "2026-02-26T10:30:00",
    "total_price": "207000.00",
    "services_data": {},
    "region": "Екатеринбург",
    "comment": null,
    "assigned_programmer": 6,
    "assigned_marketer": 3,
    "assigned_smm": 9,
    "assigned_manager": 10,
    "programmer_hours": "86.0",
    "marketer_hours": "36.0",
    "smm_hours": "4.0"
  }
},
{
  "model": "orders.order",
  "pk": 2,
  "fields": {
    "client": 12,
    "status": "completed",
    "created_at": "2026-02-25T15:15:00",
    "total_price": "45000.00",
    "services_data": {},
    "region": "Санкт-Петербург",
    "comment": null,
    "assigned_programmer": 6,
    "assigned_marketer": 8,
    "assigned_smm": null,
    "assigned_manager": 5,
    "programmer_hours": "13.0",
    "marketer_hours": "15.0",
    "smm_hours": "0.0"
  }
},
{
  "model": "orders.order",
  "pk": 3,
  "fields": {
    "client": 7,
    "status": "completed",
    "created_at": "2026-02-22T18:19:00",
    "total_price": "90000.00",
    "services_data": {},
    "region": "Казань",
    "comment": null,
    "assigned_programmer": 11,
    "assigned_marketer": 8,
    "assigned_smm": null,
    "assigned_manager": 5,
    "programmer_hours": "26.0",
    "marketer_hours": "30.0",
    "smm_hours": "0.0"
  }
},
{
  "model": "orders.order",
  "pk": 4,
  "fields": {
    "client": 12,
    "status": "completed",
    "created_at": "2026-03-06T14:29:00",
    "total_price": "156000.00",
    "services_data": {},
    "region": "Казань",
    "comment": null,
    "assigned_programmer": 11,
    "assigned_marketer": 3,
    "assigned_smm": 4,
    "assigned_manager": 5,
    "programmer_hours": "28.0",
    "marketer_hours": "36.0",
    "smm_hours": "44.0"
  }
},
{
  "model": "orders.order",
  "pk": 5,
  "fields": {
    "client": 2,
    "status": "completed",
    "created_at": "2026-03-01T10:44:00",
    "total_price": "101500.00",
    "services_data": {},
    "region": "Санкт-Петербург",
    "comment": null,
    "assigned_programmer": 6,
    "assigned_marketer": 8,
    "assigned_smm": 9,
    "assigned_manager": 5,
    "programmer_hours": "16.0",
    "marketer_hours": "28.0",
    "smm_hours": "15.0"
  }
},
{
  "model": "orders.order",
  "pk": 6,
  "fields": {
    "client": 7,
    "status": "completed",
    "created_at": "2026-02-23T13:38:00",
    "total_price": "192000.00",
    "services_data": {},
    "region": "Екатеринбург",
    "comment": null,
    "assigned_programmer": 11,
    "assigned_marketer": 3,
    "assigned_smm": 9,
    "assigned_manager": 10,
    "programmer_hours": "32.0",
    "marketer_hours": "34.0",
    "smm_hours": "34.0"
  }
},
{
  "model": "orders.order",
  "pk": 7,
  "fields": {
    "client": 12,
    "status": "completed",
    "created_at": "2026-02-27T15:39:00",
    "total_price": "122000.00",
    "services_data": {},
    "region": "Казань",
    "comment": null,
    "assigned_programmer": 11,
    "assigned_marketer": 8,
    "assigned_smm": null,
    "assigned_manager": 5,
    "programmer_hours": "28.0",
    "marketer_hours": "42.0",
    "smm_hours": "0.0"
  }
},
{
  "model": "orders.order",
  "pk": 8,
  "fields": {
    "client": 2,
    "status": "completed",
    "created_at": "2026-02-26T14:06:00",
    "total_price": "163000.00",
    "services_data": {},
    "region": "Казань",
    "comment": null,
    "assigned_programmer": 11,
    "assigned_marketer": 8,
    "assigned_smm": 9,
    "assigned_manager": 5,
    "programmer_hours": "20.0",
    "marketer_hours": "25.0",
    "smm_hours": "34.0"
  }
},
{
  "model": "orders.order",
  "pk": 9,
  "fields": {
    "client": 12,
    "status": "completed",
    "created_at": "2026-02-25T15:17:00",
    "total_price": "178000.00",
    "services_data": {},
    "region": "Санкт-Петербург",
    "comment": null,
    "assigned_programmer": 6,
    "assigned_marketer": 8,
    "assigned_smm": 9,
    "assigned_manager": 10,
    "programmer_hours": "50.0",
    "marketer_hours": "30.0",
    "smm_hours": "30.0"
  }
},
{
  "model": "orders.order",
  "pk": 10,
  "fields": {
    "client": 2,
    "status": "completed",
    "created_at": "2026-03-01T15:55:00",
    "total_price": "110000.00",
    "services_data": {},
    "region": "Санкт-Петербург",
    "comment": null,
    "assigned_programmer": 11,
    "assigned_marketer": 8,
    "assigned_smm": 4,
    "assigned_manager": 10,
    "programmer_hours": "40.0",
    "marketer_hours": "20.0",
    "smm_hours": "4.0"
  }
},
{
  "model": "orders.order",
  "pk": 11,
  "fields": {
    "client": 2,
    "status": "completed",
    "created_at": "2026-02-20T16:53:00",
    "total_price": "50500.00",
    "services_data": {},
    "region": "Казань",
    "comment": null,
    "assigned_programmer": 6,
    "assigned_marketer": 8,
    "assigned_smm": 4,
    "assigned_manager": 10,
    "programmer_hours": "4.0",
    "marketer_hours": "13.0",
    "smm_hours": "21.0"
  }
},
{
  "model": "orders.order",
  "pk": 12,
  "fields": {
    "client": 2,
    "status": "completed",
    "created_at": "2026-03-07T11:22:00",
    "total_price": "207000.00",
    "services_data": {},
    "region": "Казань",
    "comment": null,
    "assigned_programmer": 6,
    "assigned_marketer": 8,
    "assigned_smm": 9,
    "assigned_manager": 5,
    "programmer_hours": "28.0",
    "marketer_hours": "58.0",
    "smm_hours": "42.0"
  }
},
{
  "model": "orders.order",
  "pk": 13,
  "fields": {
    "client": 12,
    "status": "completed",
    "created_at": "2026-02-27T18:34:00",
    "total_price": "97000.00",
    "services_data": {},
    "region": "Екатеринбург",
    "comment": null,
    "assigned_programmer": 6,
    "assigned_marketer": 3,
    "assigned_smm": null,
    "assigned_manager": 10,
    "programmer_hours": "46.0",
    "marketer_hours": "16.0",
    "smm_hours": "0.0"
  }
},
{
  "model": "orders.order",
  "pk": 14,
  "fields": {
    "client": 2,
    "status": "completed",
    "created_at": "2026-02-23T16:31:00",
    "total_price": "149500.00",
    "services_data": {},
    "region": "Казань",
    "comment": null,
    "assigned_programmer": 6,
    "assigned_marketer": 3,
    "assigned_smm": 9,
    "assigned_manager": 5,
    "programmer_hours": "31.0",
    "marketer_hours": "34.0",
    "smm_hours": "42.0"
  }
},
{
  "model": "orders.order",
  "pk": 15,
  "fields": {
    "client": 7,
    "status": "completed",
    "created_at": "2026-03-02T16:51:00",
    "total_price": "141500.00",
    "services_data": {},
    "region": "Москва",
    "comment": null,
    "assigned_programmer": 6,
    "assigned_marketer": 8,
    "assigned_smm": 9,
    "assigned_manager": 10,
    "programmer_hours": "7.0",
    "marketer_hours": "30.0",
    "smm_hours": "45.0"
  }
},
{
  "model": "orders.order",
  "pk": 16,
  "fields": {
    "client": 2,
    "status": "completed",
    "created_at": "2026-03-21T14:42:00",
    "total_price": "103500.00",
    "services_data": {},
    "region": "Казань",
    "comment": null,
    "assigned_programmer": 6,
    "assigned_marketer": 3,
    "assigned_smm": 4,
    "assigned_manager": 5,
    "programmer_hours": "14.0",
    "marketer_hours": "29.0",
    "smm_hours": "21.0"
  }
},
{
  "model": "orders.order",
  "pk": 17,
  "fields": {
    "client": 7,
    "status": "completed",
    "created_at": "2026-03-14T13:49:00",
    "total_price": "122000.00",
    "services_data": {},
    "region": "Новосибирск",
    "comment": null,
    "assigned_programmer": 11,
    "assigned_marketer": 8,
    "assigned_smm": null,
    "assigned_manager": 5,
    "programmer_hours": "28.0",
    "marketer_hours": "42.0",
    "smm_hours": "0.0"
  }
},
{
  "model": "orders.order",
  "pk": 18,
  "fields": {
    "client": 7,
    "status": "completed",
    "created_at": "2026-03-22T17:38:00",
    "total_price": "51000.00",
    "services_data": {},
    "region": "Санкт-Петербург",
    "comment": null,
    "assigned_programmer": 11,
    "assigned_marketer": 3,
    "assigned_smm": 4,
    "assigned_manager": 5,
    "programmer_hours": "3.0",
    "marketer_hours": "2.0",
    "smm_hours": "17.0"
  }
},
{
  "model": "orders.order",
  "pk": 19,
  "fields": {
    "client": 2,
    "status": "completed",
    "created_at": "2026-03-23T16:29:00",
    "total_price": "141000.00",
    "services_data": {},
    "region": "Москва",
    "comment": null,
    "assigned_programmer": 6,
    "assigned_marketer": 3,
    "assigned_smm": 9,
    "assigned_manager": 10,
    "programmer_hours": "29.0",
    "marketer_hours": "32.0",
    "smm_hours": "17.0"
  }
},
{
  "model": "orders.order",
  "pk": 20,
  "fields": {
    "client": 2,
    "status": "completed",
    "created_at": "2026-03-14T10:04:00",
    "total_price": "129500.00",
    "services_data": {},
    "region": "Новосибирск",
    "comment": null,
    "assigned_programmer": 6,
    "assigned_marketer": 8,
    "assigned_smm": 9,
    "assigned_manager": 5,
    "programmer_hours": "27.0",
    "marketer_hours": "22.0",
    "smm_hours": "30.0"
  }
},
{
  "model": "orders.order",
  "pk": 21,
  "fields": {
    "client": 2,
    "status": "completed",
    "created_at": "2026-04-14T17:12:00",
    "total_price": "228000.00",
    "services_data": {},
    "region": "Москва",
    "comment": null,
    "assigned_programmer": 11,
    "assigned_marketer": 3,
    "assigned_smm": null,
    "assigned_manager": 10,
    "programmer_hours": "48.0",
    "marketer_hours": "74.0",
    "smm_hours": "0.0"
  }
},
{
  "model": "orders.order",
  "pk": 22,
  "fields": {
    "client": 7,
    "status": "completed",
    "created_at": "2026-03-12T10:23:00",
    "total_price": "51000.00",
    "services_data": {},
    "region": "Казань",
    "comment": null,
    "assigned_programmer": 11,
    "assigned_marketer": 8,
    "assigned_smm": 9,
    "assigned_manager": 5,
    "programmer_hours": "3.0",
    "marketer_hours": "2.0",
    "smm_hours": "17.0"
  }
},
{
  "model": "orders.order",
  "pk": 23,
  "fields": {
    "client": 12,
    "status": "completed",
    "created_at": "2026-03-21T12:44:00",
    "total_price": "596000.00",
    "services_data": {},
    "region": "Новосибирск",
    "comment": null,
    "assigned_programmer": 6,
    "assigned_marketer": 8,
    "assigned_smm": 9,
    "assigned_manager": 5,
    "programmer_hours": "124.0",
    "marketer_hours": "126.0",
    "smm_hours": "105.0"
  }
},
{
  "model": "orders.order",
  "pk": 24,
  "fields": {
    "client": 12,
    "status": "completed",
    "created_at": "2026-04-10T14:45:00",
    "total_price": "106000.00",
    "services_data": {},
    "region": "Москва",
    "comment": null,
    "assigned_programmer": 11,
    "assigned_marketer": 8,
    "assigned_smm": null,
    "assigned_manager": 10,
    "programmer_hours": "20.0",
    "marketer_hours": "32.0",
    "smm_hours": "0.0"
  }
},
{
  "model": "orders.order",
  "pk": 25,
  "fields": {
    "client": 12,
    "status": "completed",
    "created_at": "2026-04-20T12:17:00",
    "total_price": "97000.00",
    "services_data": {},
    "region": "Новосибирск",
    "comment": null,
    "assigned_programmer": 6,
    "assigned_marketer": 8,
    "assigned_smm": null,
    "assigned_manager": 10,
    "programmer_hours": "46.0",
    "marketer_hours": "16.0",
    "smm_hours": "0.0"
  }
},
{
  "model": "orders.order",
  "pk": 26,
  "fields": {
    "client": 12,
    "status": "completed",
    "created_at": "2026-04-18T18:24:00",
    "total_price": "41500.00",
    "services_data": {},
    "region": "Москва",
    "comment": null,
    "assigned_programmer": 11,
    "assigned_marketer": 3,
    "assigned_smm": 4,
    "assigned_manager": 5,
    "programmer_hours": "7.0",
    "marketer_hours": "4.0",
    "smm_hours": "13.0"
  }
},
{
  "model": "orders.order",
  "pk": 27,
  "fields": {
    "client": 2,
    "status": "completed",
    "created_at": "2026-04-16T11:05:00",
    "total_price": "635500.00",
    "services_data": {},
    "region": "Новосибирск",
    "comment": null,
    "assigned_programmer": 6,
    "assigned_marketer": 8,
    "assigned_smm": 4,
    "assigned_manager": 5,
    "programmer_hours": "146.0",
    "marketer_hours": "143.0",
    "smm_hours": "84.0"
  }
},
{
  "model": "orders.order",
  "pk": 28,
  "fields": {
    "client": 7,
    "status": "completed",
    "created_at": "2026-03-14T16:48:00",
    "total_price": "90000.00",
    "services_data": {},
    "region": "Новосибирск",
    "comment": null,
    "assigned_programmer": 11,
    "assigned_marketer": 8,
    "assigned_smm": null,
    "assigned_manager": 10,
    "programmer_hours": "26.0",
    "marketer_hours": "30.0",
    "smm_hours": "0.0"
  }
},
{
  "model": "orders.order",
  "pk": 29,
  "fields": {
    "client": 7,
    "status": "completed",
    "created_at": "2026-04-04T12:23:00",
    "total_price": "101000.00",
    "services_data": {},
    "region": "Казань",
    "comment": null,
    "assigned_programmer": 11,
    "assigned_marketer": 8,
    "assigned_smm": 4,
    "assigned_manager": 5,
    "programmer_hours": "8.0",
    "marketer_hours": "26.0",
    "smm_hours": "42.0"
  }
},
{
  "model": "orders.order",
  "pk": 30,
  "fields": {
    "client": 2,
    "status": "completed",
    "created_at": "2026-04-18T14:04:00",
    "total_price": "1197000.00",
    "services_data": {},
    "region": "Казань",
    "comment": null,
    "assigned_programmer": 6,
    "assigned_marketer": 8,
    "assigned_smm": 9,
    "assigned_manager": 5,
    "programmer_hours": "260.0",
    "marketer_hours": "258.0",
    "smm_hours": "168.0"
  }
},
{
  "model": "orders.order",
  "pk": 31,
  "fields": {
    "client": 7,
    "status": "completed",
    "created_at": "2026-04-10T10:27:00",
    "total_price": "180000.00",
    "services_data": {},
    "region": "Санкт-Петербург",
    "comment": null,
    "assigned_programmer": 11,
    "assigned_marketer": 3,
    "assigned_smm": 4,
    "assigned_manager": 5,
    "programmer_hours": "52.0",
    "marketer_hours": "22.0",
    "smm_hours": "30.0"
  }
},
{
  "model": "orders.order",
  "pk": 32,
  "fields": {
    "client": 7,
    "status": "completed",
    "created_at": "2026-04-20T13:36:00",
    "total_price": "133500.00",
    "services_data": {},
    "region": "Москва",
    "comment": null,
    "assigned_programmer": 6,
    "assigned_marketer": 8,
    "assigned_smm": 4,
    "assigned_manager": 10,
    "programmer_hours": "18.0",
    "marketer_hours": "21.0",
    "smm_hours": "47.0"
  }
},
{
  "model": "orders.order",
  "pk": 33,
  "fields": {
    "client": 7,
    "status": "completed",
    "created_at": "2026-04-20T11:40:00",
    "total_price": "48500.00",
    "services_data": {},
    "region": "Санкт-Петербург",
    "comment": null,
    "assigned_programmer": 6,
    "assigned_marketer": 8,
    "assigned_smm": null,
    "assigned_manager": 10,
    "programmer_hours": "23.0",
    "marketer_hours": "8.0",
    "smm_hours": "0.0"
  }
},
{
  "model": "orders.order",
  "pk": 34,
  "fields": {
    "client": 7,
    "status": "completed",
    "created_at": "2026-03-31T16:42:00",
    "total_price": "99000.00",
    "services_data": {},
    "region": "Москва",
    "comment": null,
    "assigned_programmer": 11,
    "assigned_marketer": 8,
    "assigned_smm": null,
    "assigned_manager": 10,
    "programmer_hours": "48.0",
    "marketer_hours": "8.0",
    "smm_hours": "0.0"
  }
},
{
  "model": "orders.order",
  "pk": 35,
  "fields": {
    "client": 7,
    "status": "completed",
    "created_at": "2026-03-15T17:49:00",
    "total_price": "1201000.00",
    "services_data": {},
    "region": "Новосибирск",
    "comment": null,
    "assigned_programmer": 6,
    "assigned_marketer": 3,
    "assigned_smm": 4,
    "assigned_manager": 5,
    "programmer_hours": "280.0",
    "marketer_hours": "246.0",
    "smm_hours": "172.0"
  }
},
{
  "model": "orders.order",
  "pk": 36,
  "fields": {
    "client": 7,
    "status": "completed",
    "created_at": "2026-05-01T18:45:00",
    "total_price": "61000.00",
    "services_data": {},
    "region": "Москва",
    "comment": null,
    "assigned_programmer": 6,
    "assigned_marketer": 3,
    "assigned_smm": null,
    "assigned_manager": 5,
    "programmer_hours": "14.0",
    "marketer_hours": "21.0",
    "smm_hours": "0.0"
  }
},
{
  "model": "orders.order",
  "pk": 37,
  "fields": {
    "client": 2,
    "status": "completed",
    "created_at": "2026-05-04T15:33:00",
    "total_price": "55000.00",
    "services_data": {},
    "region": "Новосибирск",
    "comment": null,
    "assigned_programmer": 11,
    "assigned_marketer": 8,
    "assigned_smm": 4,
    "assigned_manager": 10,
    "programmer_hours": "20.0",
    "marketer_hours": "10.0",
    "smm_hours": "2.0"
  }
},
{
  "model": "orders.order",
  "pk": 38,
  "fields": {
    "client": 7,
    "status": "completed",
    "created_at": "2026-05-01T16:11:00",
    "total_price": "150000.00",
    "services_data": {},
    "region": "Санкт-Петербург",
    "comment": null,
    "assigned_programmer": 6,
    "assigned_marketer": 3,
    "assigned_smm": null,
    "assigned_manager": 5,
    "programmer_hours": "56.0",
    "marketer_hours": "32.0",
    "smm_hours": "0.0"
  }
},
{
  "model": "orders.order",
  "pk": 39,
  "fields": {
    "client": 2,
    "status": "completed",
    "created_at": "2026-05-03T13:29:00",
    "total_price": "141500.00",
    "services_data": {},
    "region": "Москва",
    "comment": null,
    "assigned_programmer": 6,
    "assigned_marketer": 8,
    "assigned_smm": 9,
    "assigned_manager": 5,
    "programmer_hours": "10.0",
    "marketer_hours": "33.0",
    "smm_hours": "57.0"
  }
},
{
  "model": "orders.order",
  "pk": 40,
  "fields": {
    "client": 12,
    "status": "completed",
    "created_at": "2026-05-01T15:40:00",
    "total_price": "90000.00",
    "services_data": {},
    "region": "Казань",
    "comment": null,
    "assigned_programmer": 6,
    "assigned_marketer": 8,
    "assigned_smm": null,
    "assigned_manager": 5,
    "programmer_hours": "26.0",
    "marketer_hours": "30.0",
    "smm_hours": "0.0"
  }
},
{
  "model": "orders.order",
  "pk": 41,
  "fields": {
    "client": 12,
    "status": "completed",
    "created_at": "2026-04-22T18:23:00",
    "total_price": "151500.00",
    "services_data": {},
    "region": "Екатеринбург",
    "comment": null,
    "assigned_programmer": 11,
    "assigned_marketer": 3,
    "assigned_smm": 9,
    "assigned_manager": 5,
    "programmer_hours": "30.0",
    "marketer_hours": "8.0",
    "smm_hours": "34.0"
  }
},
{
  "model": "orders.order",
  "pk": 42,
  "fields": {
    "client": 7,
    "status": "completed",
    "created_at": "2026-05-11T13:02:00",
    "total_price": "223000.00",
    "services_data": {},
    "region": "Новосибирск",
    "comment": null,
    "assigned_programmer": 11,
    "assigned_marketer": 3,
    "assigned_smm": 4,
    "assigned_manager": 10,
    "programmer_hours": "36.0",
    "marketer_hours": "68.0",
    "smm_hours": "42.0"
  }
},
{
  "model": "orders.order",
  "pk": 43,
  "fields": {
    "client": 12,
    "status": "completed",
    "created_at": "2026-05-01T10:26:00",
    "total_price": "1201000.00",
    "services_data": {},
    "region": "Екатеринбург",
    "comment": null,
    "assigned_programmer": 11,
    "assigned_marketer": 8,
    "assigned_smm": 4,
    "assigned_manager": 5,
    "programmer_hours": "280.0",
    "marketer_hours": "246.0",
    "smm_hours": "172.0"
  }
},
{
  "model": "orders.order",
  "pk": 44,
  "fields": {
    "client": 12,
    "status": "completed",
    "created_at": "2026-05-04T17:27:00",
    "total_price": "164000.00",
    "services_data": {},
    "region": "Санкт-Петербург",
    "comment": null,
    "assigned_programmer": 11,
    "assigned_marketer": 3,
    "assigned_smm": 9,
    "assigned_manager": 5,
    "programmer_hours": "18.0",
    "marketer_hours": "22.0",
    "smm_hours": "56.0"
  }
},
{
  "model": "orders.order",
  "pk": 45,
  "fields": {
    "client": 2,
    "status": "completed",
    "created_at": "2026-04-26T16:40:00",
    "total_price": "55000.00",
    "services_data": {},
    "region": "Санкт-Петербург",
    "comment": null,
    "assigned_programmer": 11,
    "assigned_marketer": 3,
    "assigned_smm": 4,
    "assigned_manager": 10,
    "programmer_hours": "20.0",
    "marketer_hours": "10.0",
    "smm_hours": "2.0"
  }
},
{
  "model": "orders.order",
  "pk": 46,
  "fields": {
    "client": 2,
    "status": "completed",
    "created_at": "2026-05-13T15:29:00",
    "total_price": "1193000.00",
    "services_data": {},
    "region": "Казань",
    "comment": null,
    "assigned_programmer": 6,
    "assigned_marketer": 3,
    "assigned_smm": 4,
    "assigned_manager": 5,
    "programmer_hours": "246.0",
    "marketer_hours": "230.0",
    "smm_hours": "202.0"
  }
},
{
  "model": "orders.order",
  "pk": 47,
  "fields": {
    "client": 7,
    "status": "completed",
    "created_at": "2026-05-08T16:39:00",
    "total_price": "53000.00",
    "services_data": {},
    "region": "Казань",
    "comment": null,
    "assigned_programmer": 11,
    "assigned_marketer": 3,
    "assigned_smm": null,
    "assigned_manager": 5,
    "programmer_hours": "10.0",
    "marketer_hours": "16.0",
    "smm_hours": "0.0"
  }
},
{
  "model": "orders.order",
  "pk": 48,
  "fields": {
    "client": 7,
    "status": "completed",
    "created_at": "2026-05-05T15:01:00",
    "total_price": "50000.00",
    "services_data": {},
    "region": "Екатеринбург",
    "comment": null,
    "assigned_programmer": null,
    "assigned_marketer": 8,
    "assigned_smm": 4,
    "assigned_manager": 5,
    "programmer_hours": "0.0",
    "marketer_hours": "13.0",
    "smm_hours": "16.0"
  }
},
{
  "model": "orders.order",
  "pk": 49,
  "fields": {
    "client": 2,
    "status": "completed",
    "created_at": "2026-05-13T11:09:00",
    "total_price": "100000.00",
    "services_data": {},
    "region": "Новосибирск",
    "comment": null,
    "assigned_programmer": null,
    "assigned_marketer": 3,
    "assigned_smm": 4,
    "assigned_manager": 10,
    "programmer_hours": "0.0",
    "marketer_hours": "26.0",
    "smm_hours": "32.0"
  }
},
{
  "model": "orders.order",
  "pk": 50,
  "fields": {
    "client": 7,
    "status": "completed",
    "created_at": "2026-04-29T18:56:00",
    "total_price": "83000.00",
    "services_data": {},
    "region": "Санкт-Петербург",
    "comment": null,
    "assigned_programmer": 11,
    "assigned_marketer": 8,
    "assigned_smm": 4,
    "assigned_manager": 10,
    "programmer_hours": "14.0",
    "marketer_hours": "8.0",
    "smm_hours": "26.0"
  }
},
{
  "model": "orders.orderitem",
  "pk": 1,
  "fields": {
    "order": 1,
    "package": 33,
    "quantity": 2,
    "price": "110000.00"
  }
},
{
  "model": "orders.orderitem",
  "pk": 2,
  "fields": {
    "order": 1,
    "package": 30,
    "quantity": 2,
    "price": "97000.00"
  }
},
{
  "model": "orders.orderitem",
  "pk": 3,
  "fields": {
    "order": 2,
    "package": 29,
    "quantity": 1,
    "price": "45000.00"
  }
},
{
  "model": "orders.orderitem",
  "pk": 4,
  "fields": {
    "order": 3,
    "package": 29,
    "quantity": 2,
    "price": "90000.00"
  }
},
{
  "model": "orders.orderitem",
  "pk": 5,
  "fields": {
    "order": 4,
    "package": 37,
    "quantity": 1,
    "price": "50500.00"
  }
},
{
  "model": "orders.orderitem",
  "pk": 6,
  "fields": {
    "order": 4,
    "package": 33,
    "quantity": 1,
    "price": "55000.00"
  }
},
{
  "model": "orders.orderitem",
  "pk": 7,
  "fields": {
    "order": 5,
    "package": 35,
    "quantity": 1,
    "price": "61000.00"
  }
},
{
  "model": "orders.orderitem",
  "pk": 8,
  "fields": {
    "order": 5,
    "package": 28,
    "quantity": 1,
    "price": "40500.00"
  }
},
{
  "model": "orders.orderitem",
  "pk": 9,
  "fields": {
    "order": 6,
    "package": 29,
    "quantity": 2,
    "price": "90000.00"
  }
},
{
  "model": "orders.orderitem",
  "pk": 10,
  "fields": {
    "order": 6,
    "package": 36,
    "quantity": 2,
    "price": "102000.00"
  }
},
{
  "model": "orders.orderitem",
  "pk": 11,
  "fields": {
    "order": 7,
    "package": 35,
    "quantity": 2,
    "price": "122000.00"
  }
},
{
  "model": "orders.orderitem",
  "pk": 12,
  "fields": {
    "order": 8,
    "package": 36,
    "quantity": 1,
    "price": "51000.00"
  }
},
{
  "model": "orders.orderitem",
  "pk": 13,
  "fields": {
    "order": 8,
    "package": 35,
    "quantity": 1,
    "price": "61000.00"
  }
},
{
  "model": "orders.orderitem",
  "pk": 14,
  "fields": {
    "order": 9,
    "package": 28,
    "quantity": 2,
    "price": "81000.00"
  }
},
{
  "model": "orders.orderitem",
  "pk": 15,
  "fields": {
    "order": 9,
    "package": 30,
    "quantity": 2,
    "price": "97000.00"
  }
},
{
  "model": "orders.orderitem",
  "pk": 16,
  "fields": {
    "order": 10,
    "package": 33,
    "quantity": 2,
    "price": "110000.00"
  }
},
{
  "model": "orders.orderitem",
  "pk": 17,
  "fields": {
    "order": 11,
    "package": 37,
    "quantity": 1,
    "price": "50500.00"
  }
},
{
  "model": "orders.orderitem",
  "pk": 18,
  "fields": {
    "order": 12,
    "package": 31,
    "quantity": 2,
    "price": "106000.00"
  }
},
{
  "model": "orders.orderitem",
  "pk": 19,
  "fields": {
    "order": 12,
    "package": 37,
    "quantity": 2,
    "price": "101000.00"
  }
},
{
  "model": "orders.orderitem",
  "pk": 20,
  "fields": {
    "order": 13,
    "package": 30,
    "quantity": 2,
    "price": "97000.00"
  }
},
{
  "model": "orders.orderitem",
  "pk": 21,
  "fields": {
    "order": 14,
    "package": 30,
    "quantity": 2,
    "price": "97000.00"
  }
},
{
  "model": "orders.orderitem",
  "pk": 22,
  "fields": {
    "order": 14,
    "package": 37,
    "quantity": 2,
    "price": "101000.00"
  }
},
{
  "model": "orders.orderitem",
  "pk": 23,
  "fields": {
    "order": 15,
    "package": 27,
    "quantity": 1,
    "price": "50000.00"
  }
},
{
  "model": "orders.orderitem",
  "pk": 24,
  "fields": {
    "order": 15,
    "package": 32,
    "quantity": 1,
    "price": "41500.00"
  }
},
{
  "model": "orders.orderitem",
  "pk": 25,
  "fields": {
    "order": 16,
    "package": 31,
    "quantity": 1,
    "price": "53000.00"
  }
},
{
  "model": "orders.orderitem",
  "pk": 26,
  "fields": {
    "order": 16,
    "package": 37,
    "quantity": 1,
    "price": "50500.00"
  }
},
{
  "model": "orders.orderitem",
  "pk": 27,
  "fields": {
    "order": 17,
    "package": 35,
    "quantity": 2,
    "price": "122000.00"
  }
},
{
  "model": "orders.orderitem",
  "pk": 28,
  "fields": {
    "order": 18,
    "package": 36,
    "quantity": 1,
    "price": "51000.00"
  }
},
{
  "model": "orders.orderitem",
  "pk": 29,
  "fields": {
    "order": 19,
    "package": 29,
    "quantity": 1,
    "price": "45000.00"
  }
},
{
  "model": "orders.orderitem",
  "pk": 30,
  "fields": {
    "order": 19,
    "package": 36,
    "quantity": 1,
    "price": "51000.00"
  }
},
{
  "model": "orders.orderitem",
  "pk": 31,
  "fields": {
    "order": 20,
    "package": 30,
    "quantity": 2,
    "price": "97000.00"
  }
},
{
  "model": "orders.orderitem",
  "pk": 32,
  "fields": {
    "order": 20,
    "package": 28,
    "quantity": 2,
    "price": "81000.00"
  }
},
{
  "model": "orders.orderitem",
  "pk": 33,
  "fields": {
    "order": 21,
    "package": 35,
    "quantity": 2,
    "price": "122000.00"
  }
},
{
  "model": "orders.orderitem",
  "pk": 34,
  "fields": {
    "order": 21,
    "package": 31,
    "quantity": 2,
    "price": "106000.00"
  }
},
{
  "model": "orders.orderitem",
  "pk": 35,
  "fields": {
    "order": 22,
    "package": 36,
    "quantity": 1,
    "price": "51000.00"
  }
},
{
  "model": "orders.orderitem",
  "pk": 36,
  "fields": {
    "order": 23,
    "package": 37,
    "quantity": 1,
    "price": "50500.00"
  }
},
{
  "model": "orders.orderitem",
  "pk": 37,
  "fields": {
    "order": 23,
    "package": 39,
    "quantity": 1,
    "price": "545500.00"
  }
},
{
  "model": "orders.orderitem",
  "pk": 38,
  "fields": {
    "order": 24,
    "package": 31,
    "quantity": 2,
    "price": "106000.00"
  }
},
{
  "model": "orders.orderitem",
  "pk": 39,
  "fields": {
    "order": 25,
    "package": 30,
    "quantity": 2,
    "price": "97000.00"
  }
},
{
  "model": "orders.orderitem",
  "pk": 40,
  "fields": {
    "order": 26,
    "package": 32,
    "quantity": 1,
    "price": "41500.00"
  }
},
{
  "model": "orders.orderitem",
  "pk": 41,
  "fields": {
    "order": 27,
    "package": 29,
    "quantity": 1,
    "price": "45000.00"
  }
},
{
  "model": "orders.orderitem",
  "pk": 42,
  "fields": {
    "order": 27,
    "package": 39,
    "quantity": 1,
    "price": "545500.00"
  }
},
{
  "model": "orders.orderitem",
  "pk": 43,
  "fields": {
    "order": 28,
    "package": 29,
    "quantity": 2,
    "price": "90000.00"
  }
},
{
  "model": "orders.orderitem",
  "pk": 44,
  "fields": {
    "order": 29,
    "package": 37,
    "quantity": 2,
    "price": "101000.00"
  }
},
{
  "model": "orders.orderitem",
  "pk": 45,
  "fields": {
    "order": 30,
    "package": 31,
    "quantity": 2,
    "price": "106000.00"
  }
},
{
  "model": "orders.orderitem",
  "pk": 46,
  "fields": {
    "order": 30,
    "package": 39,
    "quantity": 2,
    "price": "1091000.00"
  }
},
{
  "model": "orders.orderitem",
  "pk": 47,
  "fields": {
    "order": 31,
    "package": 34,
    "quantity": 2,
    "price": "99000.00"
  }
},
{
  "model": "orders.orderitem",
  "pk": 48,
  "fields": {
    "order": 31,
    "package": 28,
    "quantity": 2,
    "price": "81000.00"
  }
},
{
  "model": "orders.orderitem",
  "pk": 49,
  "fields": {
    "order": 32,
    "package": 32,
    "quantity": 1,
    "price": "41500.00"
  }
},
{
  "model": "orders.orderitem",
  "pk": 50,
  "fields": {
    "order": 32,
    "package": 37,
    "quantity": 1,
    "price": "50500.00"
  }
},
{
  "model": "orders.orderitem",
  "pk": 51,
  "fields": {
    "order": 33,
    "package": 30,
    "quantity": 1,
    "price": "48500.00"
  }
},
{
  "model": "orders.orderitem",
  "pk": 52,
  "fields": {
    "order": 34,
    "package": 34,
    "quantity": 2,
    "price": "99000.00"
  }
},
{
  "model": "orders.orderitem",
  "pk": 53,
  "fields": {
    "order": 35,
    "package": 33,
    "quantity": 2,
    "price": "110000.00"
  }
},
{
  "model": "orders.orderitem",
  "pk": 54,
  "fields": {
    "order": 35,
    "package": 39,
    "quantity": 2,
    "price": "1091000.00"
  }
},
{
  "model": "orders.orderitem",
  "pk": 55,
  "fields": {
    "order": 36,
    "package": 35,
    "quantity": 1,
    "price": "61000.00"
  }
},
{
  "model": "orders.orderitem",
  "pk": 56,
  "fields": {
    "order": 37,
    "package": 33,
    "quantity": 1,
    "price": "55000.00"
  }
},
{
  "model": "orders.orderitem",
  "pk": 57,
  "fields": {
    "order": 38,
    "package": 31,
    "quantity": 2,
    "price": "106000.00"
  }
},
{
  "model": "orders.orderitem",
  "pk": 58,
  "fields": {
    "order": 38,
    "package": 30,
    "quantity": 2,
    "price": "97000.00"
  }
},
{
  "model": "orders.orderitem",
  "pk": 59,
  "fields": {
    "order": 39,
    "package": 28,
    "quantity": 2,
    "price": "81000.00"
  }
},
{
  "model": "orders.orderitem",
  "pk": 60,
  "fields": {
    "order": 39,
    "package": 37,
    "quantity": 2,
    "price": "101000.00"
  }
},
{
  "model": "orders.orderitem",
  "pk": 61,
  "fields": {
    "order": 40,
    "package": 29,
    "quantity": 2,
    "price": "90000.00"
  }
},
{
  "model": "orders.orderitem",
  "pk": 62,
  "fields": {
    "order": 41,
    "package": 36,
    "quantity": 1,
    "price": "51000.00"
  }
},
{
  "model": "orders.orderitem",
  "pk": 63,
  "fields": {
    "order": 41,
    "package": 34,
    "quantity": 1,
    "price": "49500.00"
  }
},
{
  "model": "orders.orderitem",
  "pk": 64,
  "fields": {
    "order": 42,
    "package": 37,
    "quantity": 2,
    "price": "101000.00"
  }
},
{
  "model": "orders.orderitem",
  "pk": 65,
  "fields": {
    "order": 42,
    "package": 35,
    "quantity": 2,
    "price": "122000.00"
  }
},
{
  "model": "orders.orderitem",
  "pk": 66,
  "fields": {
    "order": 43,
    "package": 39,
    "quantity": 2,
    "price": "1091000.00"
  }
},
{
  "model": "orders.orderitem",
  "pk": 67,
  "fields": {
    "order": 43,
    "package": 33,
    "quantity": 2,
    "price": "110000.00"
  }
},
{
  "model": "orders.orderitem",
  "pk": 68,
  "fields": {
    "order": 44,
    "package": 32,
    "quantity": 2,
    "price": "83000.00"
  }
},
{
  "model": "orders.orderitem",
  "pk": 69,
  "fields": {
    "order": 44,
    "package": 28,
    "quantity": 2,
    "price": "81000.00"
  }
},
{
  "model": "orders.orderitem",
  "pk": 70,
  "fields": {
    "order": 45,
    "package": 33,
    "quantity": 1,
    "price": "55000.00"
  }
},
{
  "model": "orders.orderitem",
  "pk": 71,
  "fields": {
    "order": 46,
    "package": 39,
    "quantity": 2,
    "price": "1091000.00"
  }
},
{
  "model": "orders.orderitem",
  "pk": 72,
  "fields": {
    "order": 46,
    "package": 36,
    "quantity": 2,
    "price": "102000.00"
  }
},
{
  "model": "orders.orderitem",
  "pk": 73,
  "fields": {
    "order": 47,
    "package": 31,
    "quantity": 1,
    "price": "53000.00"
  }
},
{
  "model": "orders.orderitem",
  "pk": 74,
  "fields": {
    "order": 48,
    "package": 27,
    "quantity": 1,
    "price": "50000.00"
  }
},
{
  "model": "orders.orderitem",
  "pk": 75,
  "fields": {
    "order": 49,
    "package": 27,
    "quantity": 2,
    "price": "100000.00"
  }
},
{
  "model": "orders.orderitem",
  "pk": 76,
  "fields": {
    "order": 50,
    "package": 32,
    "quantity": 2,
    "price": "83000.00"
  }
}
]
